,Start,End,"ME, kcal","NDF,g","ADF,g","NFC,g","Crude fiber,g","Starch,g","CP,g","Arginine,g","Histidine,g","Isoleucine,g","Leucine,g","Lysine,g","Methionine,g","Phenylalanine,g","Threonine,g","Tryptophan,g","Valine,g","Alanine,g","Aspartic acid,g","Cystine,g","Met + Cys,g","Glutamic acid,g","Glycine,g","Proline,g","Serine,g","Tyrosine,g","Phe + Tyr,g","Ether extract,g","SFA,g","MUFA,g","PUFA,g","n-3 PUFA,g","n-6 PUFA,g","n-3:n-6 ratio,g","C14,g","C15:0,g","C15:1,g","C16:0,g","C16:1,g","C17:0,g","C17:1,g","C18:0,g","C18:1,g","C18:2 cis n-6 LA,g","C18:3 cis n-3 ALA,g","C20:0,g","C20:1,g","C20:4n-6 ARA,g","C20:5n-3 EPA,g","C22:0,g","C22:1,g","C22:6n-3 DHA,g","C24:0,g","Ash,mg",Vitamin A IU,"beta-carotene,mg",Vitamin D3 IU,"Vitamin D3 25-Hydroxyvitamin D, IU",Vitamin E IU,Vitamin K mg,AST ppm,Thiamin mg,Riboflavin mg,Niacin mg,Pantothenic acid mg,Pyridoxine mg,Biotin mg,Folic acid mg,Vitamin B12 mg ,Choline mg,"Calcium,g","Total Phosphorus,g","Inorganic available P,g",Ca:P ratio,"Na,g","Cl,g","K,g","Mg,g","S,mg",Cu mg,I mg,"Fe,mg","Mn,mg","Se,mg","Zn,mg"
Start,0.0,0.0,0.0,0.0,0.0,0.0,0.0,0.0,0.0,0.0,0.0,0.0,0.0,0.0,0.0,0.0,0.0,0.0,0.0,0.0,0.0,0.0,0.0,0.0,0.0,0.0,0.0,0.0,0.0,0.0,0.0,0.0,0.0,0.0,0.0,0.0,0.0,0.0,0.0,0.0,0.0,0.0,0.0,0.0,0.0,0.0,0.0,0.0,0.0,0.0,0.0,0.0,0.0,0.0,0.0,0.0,0.0,0.0,0.0,0.0,0.0,0.0,0.0,0.0,0.0,0.0,0.0,0.0,0.0,0.0,0.0,0.0,0.0,0.0,0.0,0.0,0.004069415014149647,0.0,0.0,0.0,0.0,0.0,0.0,0.0,0.0,0.0,0.0
End,0.0,0.0,0.0,0.0,0.0,0.0,0.0,0.0,0.0,0.0,0.0,0.0,0.0,0.0,0.0,0.0,0.0,0.0,0.0,0.0,0.0,0.0,0.0,0.0,0.0,0.0,0.0,0.0,0.0,0.0,0.0,0.0,0.0,0.0,0.0,0.0,0.0,0.0,0.0,0.0,0.0,0.0,0.0,0.0,0.0,0.0,0.0,0.0,0.0,0.0,0.0,0.0,0.0,0.0,0.0,0.0,0.0,0.0,0.0,0.0,0.0,0.0,0.0,0.0,0.0,0.0,0.0,0.0,0.0,0.0,0.0,0.0,0.0,0.0,0.0,0.0,0.0,0.0,0.0,0.0,0.0,0.0,0.0,0.0,0.0,0.0,0.0
"ME, kcal",0.0,0.0,0.0,0.016999461818161407,0.0,0.0,0.0,0.0,0.0,0.0,0.0,0.0,0.0009208964095225699,0.0,0.0,0.0,0.0,0.0,0.0,0.0,0.0,0.0,0.009871395157798137,0.0,0.0,0.0,0.0,0.0,0.015104608333292253,0.0,0.0,0.0,0.0006833540727017812,0.0,0.0,0.0,0.015590543201643024,0.0,0.0,0.007674723427660307,0.0,0.0,0.0,0.0,0.007898311338135155,0.0,0.03090683926793127,0.0,0.0,0.0,0.0019126582892456234,0.0,0.0,0.0,0.0,0.0,0.0,0.0,0.0008486051517026987,0.0,0.0,0.0,0.0,0.0,0.0002481147318572025,0.0,0.0,0.0016935043169129622,0.0014220551480360367,0.0,0.0,0.0002762354902598116,0.0,0.0006984359597154988,0.004053074022948662,0.0,0.0034004782974817816,0.0,0.008276885800065139,0.0,0.0,0.0,0.0,0.0,0.0,0.0,0.0
"NDF,g",0.0,0.0,0.016999461818161397,0.0,0.0,0.0,0.0,0.0837764704071688,0.0,0.0,0.0,0.0,0.0,0.004830096750041758,0.0,0.0,0.0,0.0,0.0,0.0,0.0,0.011530156163730019,0.0,0.0,0.0,0.0,0.0,0.0,0.008532576435384909,0.0,0.0,0.0,0.0,0.0,0.0,0.0,0.0,0.0,0.0,0.0,0.0,0.0,0.0,0.04537715402334466,0.07735051876667981,0.0,0.0,0.0,0.0,0.009208323630949145,0.0,0.0,0.0,0.22723989059427285,0.0,0.0,0.0,0.10948151374331226,0.004061299116085469,0.0,0.0,0.0,0.0,0.002335417906796932,0.0,0.0,0.0,0.0,0.0,0.0,0.0,0.0,0.0,0.014613201031709377,0.0,0.00382443164801044,0.0013894744874638249,0.0,0.001447787912544107,0.0,0.0,0.0,0.0034512989155518065,0.0,0.0,0.0,0.0
"ADF,g",0.0,0.0,0.0,0.0,0.0,0.0,0.0,0.0,0.0,0.0,0.0,0.0,0.0,0.0,0.0,0.0,0.0,0.0,0.0004211441176854658,0.0,0.0,0.0,0.0,0.0,0.0,0.0,0.0,0.0,0.0,0.0,0.0,0.0,0.0,0.007363562119130879,0.0,0.0,0.022707738580653242,0.0,0.0,0.008248864173383556,0.0,0.0,0.0,0.0,0.0343675242200146,0.009799891676445367,0.0,0.0,0.0,1.9342485876900554e-05,0.0,0.0,0.0,0.033574290828131126,0.0,0.0,0.0,0.07019775338358726,0.0,0.0,0.0068662368118115324,0.0,0.0,0.0012079834695691224,0.0023728482271012973,0.0,0.0,0.0,0.0,0.002202197141512013,0.0,0.0,0.0,0.010509985756155828,0.003960460988946458,0.0,0.0003125064555378278,0.0009538405796809023,0.031974955438240506,0.0,0.0003111886574230782,0.0,0.0,0.0,0.0,0.0,0.00012505635584787733
"NFC,g",0.0,0.0,0.0,0.0,0.0,0.0,0.0,0.0,0.0,0.0,0.0,0.0,0.0,0.0,0.0,0.0,0.0,0.0,0.0,0.0,0.0,0.0,0.0,0.0,0.0,0.0,0.0,0.0,0.0,0.0,0.0,0.0,0.0,0.0,0.0,0.0,0.0,0.0,0.0,0.0,0.00010365217668768509,0.0,0.0,0.0,0.0,0.0,0.0,0.0,0.0,0.0,0.0,0.0,0.0,0.1023712390455204,0.0,0.0,0.0,0.12301435650737357,0.0,0.0,0.0,6.939110103576236e-06,0.0,0.0036633814652951005,0.0,0.0,0.0,0.0,0.0,0.00032375041772190604,0.0,0.0,0.0,0.040957475097563784,0.0,0.011065129474744535,6.857370964732142e-05,0.0627273169406116,0.0,0.0,0.0,0.005608029494581635,0.0,0.0,0.0,0.0,0.0
"Crude fiber,g",0.0,0.0,0.0,0.0,0.0,0.0,0.0,0.0,0.0,0.0,0.0,0.0,0.0,0.0,0.0,0.006349469349878939,0.0,0.0,0.015044632300455683,0.0,0.0,0.038245633709869685,0.0265017094465523,0.0,0.0007334737197974752,0.0,0.0,0.0,0.0,0.08147091574144322,0.0,0.007232026071005742,0.0,0.01662160094932405,0.0,0.0,0.0,0.0,0.0,0.0,0.0,0.0,0.0,0.0,0.00411185074905502,0.0,0.0,0.0,0.0,4.304853899911233,0.00979588351686335,0.0,0.0,0.013643715727746579,1.2553223445319897,0.0,0.0007249317168544513,0.0,0.0006622848519065172,0.0,0.0,0.0016266422033484051,0.0,0.004845827723328743,0.03264304597965169,0.0,0.0,0.0,4.5259040922798646e-05,0.00850228602934601,0.0,0.0,0.0004557778835529586,0.012411973518663945,0.10016908815404224,0.0013580342655510407,0.017694646140547436,0.0,0.007651528582614125,0.0,0.0037622087086257505,0.0,0.054945507289418924,0.0,0.0,0.0013581803668512235,0.0
"Starch,g",0.0,0.0,0.0,0.08377647040716894,0.0,0.0,0.0,0.0,0.0,0.0,0.0,0.0,0.0,0.0,0.0,0.0,0.013050023823123381,0.0,0.0,0.014503057834401758,0.04150824495735456,0.0,0.0,0.0,0.0,0.0,0.0,1.4072503846153852,0.0,0.043111818612602965,0.0,0.0,0.0,0.018675780082435166,0.0,0.0,0.0,0.0,0.0,0.01490916481992391,0.0,0.0,0.0,0.037373405918090866,0.11893378845155567,0.03502494667206034,0.0,0.0,0.0,0.09355680854157555,0.49253554247058484,0.10883897604016385,0.0,0.05729028925352363,0.0,0.0,0.0,0.0,0.0021084229980132497,0.0,0.002480671484828307,0.0,0.0,0.0,0.0,0.002421208641728827,0.0,0.035166779572501645,0.0,0.0,0.00625862094317668,0.0,0.006550282456271394,0.011261318823146245,0.0,0.008532603151512747,0.0017455717141749369,0.0,0.01635582174912964,0.0,2.705708177475379,0.0,0.0,0.0,0.0,0.0,0.002356151893832754
"CP,g",0.0,0.0,0.0,0.0,0.0,0.0,0.0,0.0,0.0,0.0,0.0,0.0,0.0,0.0,0.0,0.0,0.0036171850543435732,0.0,0.016248165908176782,0.0,0.0,0.0006450028680099027,0.0,0.0,0.0,0.0,0.0,0.0,0.0,0.0,0.0,0.0,0.0,0.0,0.0,0.0,0.0,0.0,0.0,0.0,0.0,0.0,0.0,0.0,0.0,0.0,0.007437835085627843,0.0,0.0,0.0,0.0010488252458642623,0.0,0.0,0.006857427971287425,0.0,0.0,0.0,0.012156551080432232,0.0013480288319791534,0.0,0.0,0.0,0.0,0.009923872841446791,0.0,0.0,0.0,0.0,0.0031208836172803385,0.03235407564924209,0.0,0.0,0.0,9.042801247173541,0.0,0.0,0.015739525965588835,0.0,0.0,0.0,0.0007166698533439429,0.0,0.0,0.0,0.0,0.0,0.0
"Arginine,g",0.0,0.0,0.0,0.0,0.0,0.0,0.0,0.0,0.0,0.0,0.0,0.0,0.0,0.0,0.0,0.0,0.0,0.0,0.0,0.0,0.0,0.00020243522422913195,0.0,0.0,0.0,0.0,0.0,0.0,0.0,0.0,0.0,0.0014893898433090515,0.038742153987811584,0.0002026838515864447,0.0,0.0,0.0,0.0,0.0,0.0,0.00010404176608517882,0.0,0.0,0.021563241863615596,0.0,0.01621030004147842,0.011197346793238812,0.0,0.0,0.0,0.0025652381682479963,0.0,0.0,0.08742598697154878,2.046856912968467e-06,0.0,6.832262396247002e-05,0.02253430087897288,0.00031847498368121213,0.0,1.0592650845686544,0.0,0.0,0.0,0.0,0.0,0.0,0.0,0.0,0.0013382099730719836,0.0,0.0,0.0,0.00555023585121997,0.0,15.095255026645047,0.001021978549566805,0.0,2.9116842971503294e-06,0.0,0.0,0.0,0.0,0.00011294185581167581,0.0,0.0,0.00028158579989450317
"Histidine,g",0.0,0.0,0.0,0.0,0.0,0.0,0.0,0.0,0.0,0.0,0.0,0.0,0.0,0.0,0.0,0.0,0.0,0.0,0.0,0.0,0.0,0.0,0.0,0.0,0.0,7.102355769230768,0.0,0.0,0.0,0.0,0.0,0.0,0.0,0.027624280477378617,0.0,0.0,0.0,0.0,0.0,0.0,0.0,0.0,0.0,0.0,0.014637750636644128,0.017598838847583505,0.0,0.0,0.0,0.0,0.0,0.0,0.0,0.0,0.0,0.0,0.0,0.012788822951743222,94.13668269230772,0.0,0.0,0.0011653613842940113,0.0,0.0,0.0,0.0,0.008626315554754734,0.0,0.0,0.004000889420483513,0.019179550504420915,0.0,0.0,0.008109112313849785,0.011601143825839957,0.0,1.0092094585010318,0.0,0.011907256908860934,0.0,0.021958233795879967,0.024867336922632363,0.0,0.0,0.0,0.0,0.0
"Isoleucine,g",0.0,0.0,0.0,0.0,0.0,0.0,0.0,0.0,0.0,0.0,0.0,0.0,0.0,0.0,0.0,0.002568931141228838,0.0,0.0,0.0,0.0,0.0,0.0,0.0,2.387107137808825,0.0,0.0,0.0,0.0,1.3424501424501445,0.0075059983298096065,0.0,0.0,0.0,0.0,0.0,0.0,0.0,0.0,0.0,0.0,0.0,0.0,0.0,0.0011135653678817205,0.0,0.0,0.0,0.0,0.0,0.01781425144411629,0.5687910306999324,0.0,0.0,0.0,0.0,0.01582636420164943,0.0,0.13596974719136243,0.0,0.0,4.5390313390313075,0.0006683065578276385,0.0,0.0,0.0,0.0,0.0,0.0,0.0,0.012545364259466125,0.0,0.0,0.0032366482356198274,5.18578447179158,0.0009355528209266926,0.0,0.0,0.0,0.0,0.0,0.03403900014233714,0.0,0.0,0.0,0.0,1.8119658119658077,0.0
"Leucine,g",0.0,0.0,0.0009208964095225693,0.0,0.0,0.0,0.0,0.0,0.0,0.0,0.0,0.0,0.0,0.0,0.11788636555336773,0.004388154391296842,0.0,0.0,0.0,0.0,0.0,0.0,0.0,0.005084591198479954,0.0,0.0,0.0,0.508003089230766,0.0,0.03891567743808862,0.0,0.0,0.0,0.0,0.0,0.0,0.0003030284509505359,0.0,0.0,0.0,0.0,0.0,0.0,0.010730651877257694,0.0,0.0,0.0,0.0,0.0,39.271021730105055,3.6460369185740884e-05,0.0,0.0,0.09287905692231627,0.0,0.0,0.01382103331505109,0.0,0.0,0.0,0.018757820499047596,0.0012948459825492923,0.0,0.007600336742742407,0.0,0.0,0.9536504344615346,0.0,0.0023641324031641597,0.027777047591864744,0.0,0.0,0.0,0.0067002984873368865,0.0,0.0,0.019833799793651227,0.0,0.0,0.0,10.208572809230782,0.0,3.168291128365383,0.0,0.0,0.0,0.0
"Lysine,g",0.0,0.0,0.0,0.0048300967500417595,0.0,0.0,0.0,0.0,0.0,0.0,0.0,0.0,0.0,0.0,0.0,0.005826521813958973,0.0,0.01987668301272523,0.0,0.0,0.0,0.0,0.0,0.0,0.0,0.0,0.0,0.0,0.0,0.0,0.0,0.0,0.0,0.0,0.0,0.0,0.0,0.0,0.0,0.0,0.0,0.0,0.0,0.0,0.0,0.0,0.0,0.0,0.0,0.0,0.0,0.0,0.0,0.13362747403173858,0.0,0.0,0.00012852758374844446,0.08011697554962263,0.026230582196353325,0.0,0.0005861802832888645,0.0,0.0,0.004373821773107339,0.0,0.0,0.0,0.0,0.446219766275708,0.0,0.0,0.01484485715875469,0.0,2.2661893247607447,0.0,0.0,0.0024833894822643616,0.0,0.007996526829910483,0.0,0.0,0.0,0.0,0.0,0.0,0.0,0.0064739131266210856
"Methionine,g",0.0,0.0,0.0,0.0,0.0,0.0,0.0,0.0,0.0,0.0,0.0,0.0,0.11788636555336748,0.0,0.0,0.0,0.0,0.0,0.0,0.0,0.0,0.0,0.0,0.0,0.0,0.0,0.0,0.0,0.024556133133766908,0.0,0.0,0.04996276951498068,0.0,0.02273651970732841,0.0,0.0,0.0,0.0,0.0,0.0,0.10308115202337338,0.0,0.0,0.0,0.0,0.0321376023773771,0.0,0.0,0.0,0.0009439427212781821,0.0,0.014146975639244271,0.0,0.10897414298317346,0.0,0.0,0.0,0.0,0.0,0.0,0.0,0.0,0.0,0.0,0.0,0.0,0.0036032976895333203,0.0,0.004935643657077701,0.0,0.0,0.0018330533397086738,0.0,0.009039334662138326,0.0,0.0,0.012250577551396701,0.0,0.0,0.0,0.0,0.0,0.0,0.0,0.0,0.0,0.0
"Phenylalanine,g",0.0,0.0,0.0,0.0,0.0,0.0,0.006349469349878939,0.0,0.0,0.0,0.0,0.0025689311412288554,0.004388154391296844,0.005826521813958975,0.0,0.0,0.0,0.0,0.0,0.0,0.0,0.0,0.0,0.0,0.0,0.0,0.0,0.0,0.0,0.06168869348676578,0.0,0.0,0.0,0.0,0.0,0.0,0.0,0.0,0.0,0.0,0.0,0.0,0.0,0.0,0.0016756822806043253,0.0,0.0,0.0,0.0,0.0,0.0053864685219314635,0.006855318352562047,0.0,0.0,0.0,0.0,0.0,0.0,0.0,0.0,0.0004924558789078104,0.0023358198899682166,0.0,0.004066327627268401,0.0,0.0,0.00012446714187526117,0.0,0.0,0.0,0.0,0.0,0.0,0.0,0.0,0.0,0.002549423708303549,0.0,0.014311544451957068,0.0,0.0038523077193855434,0.0,0.0,0.0,0.0,0.0,0.0
"Threonine,g",0.0,0.0,0.0,0.0,0.0,0.0,0.0,0.01305002382312317,0.0036171850543436357,0.0,0.0,0.0,0.0,0.0,0.0,0.0,0.0,0.0,0.0,0.0,0.0,0.0,0.0,0.0,0.0,0.0,0.0,0.0,0.0,0.0,0.0,0.0,0.0,0.0,0.0,0.002104290155593445,0.0,0.0,0.0,0.0,0.0,0.0,0.0,0.0,0.0,0.015321816060927024,0.0019048834353534983,0.0,0.0,0.0013007360557894532,0.0,0.0,0.0,0.055692485717025494,0.0,0.07108405593792208,0.0,0.12404412789713024,0.0022934118956383642,0.0,0.0,0.0,0.0,0.0,0.0,0.0,0.0,0.0,0.0,0.025218340310363206,0.048137410592958285,0.0,0.0,0.0,0.0,0.005832650098989478,0.0037226599104990955,0.0,0.0,0.0,0.017239283858540542,0.0,0.0,0.0,0.0,0.0,0.0
"Tryptophan,g",0.0,0.0,0.0,0.0,0.0,0.0,0.0,0.0,0.0,0.0,0.0,0.0,0.0,0.019876683012724897,0.0,0.0,0.0,0.0,0.0,0.0,0.0,0.0,0.0,0.0,0.0,0.0,0.0,0.0,0.0,0.0,0.0,0.0,0.0,0.0,0.0,0.0,0.0,0.0,0.0,0.0,0.0036505874252036365,0.0,0.0,0.0,0.0,0.0,0.0,0.0,0.0,0.0,0.0,0.0,0.0,0.050279051326543145,0.0,0.0,0.0,0.019414531595065235,0.010412404961674948,0.0,0.0,0.0,0.0,0.0005368832576229873,0.0,0.0,0.012120128666949804,0.0,0.0,0.0,0.0,0.0,0.0,0.0019440735968037082,0.0,0.0,0.0,0.0,0.0,0.0,0.037412024063057714,0.0,0.0,0.0,0.0,0.0,0.0
"Valine,g",0.0,0.0,0.0,0.0,0.000421144117685466,0.0,0.015044632300455682,0.0,0.016248165908176782,0.0,0.0,0.0,0.0,0.0,0.0,0.0,0.0,0.0,0.0,0.0,0.0,0.0,0.0,0.0,0.0,0.0,0.0,0.0,0.0,0.0,0.0,0.0,0.0,0.0,0.0,5.293153846153847,0.0,0.0,0.0,0.0,0.0,0.0,0.0,0.0,0.0,0.0,0.0,0.0,0.0,5.928967459622683e-05,0.0,0.0,0.0,0.0,0.0,0.0,0.002378941772309435,0.0,0.006066356280114093,0.0,0.0,0.0,0.0,0.005105826447084703,0.0,0.0,0.0,0.0,0.0009174295212854197,0.0,0.0,0.0,0.0,17.60708840102119,0.0,0.0,0.0007784791485323478,0.0,0.0,0.0,0.0031269308572869693,0.0,0.0,1.5821538461538454,0.0,0.0,0.01122306936917852
"Alanine,g",0.0,0.0,0.0,0.0,0.0,0.0,0.0,0.01450305783440182,0.0,0.0,0.0,0.0,0.0,0.0,0.0,0.0,0.0,0.0,0.0,0.0,0.0,0.0,0.0,0.0,0.0,0.0,0.0,0.02038133598618031,0.014533935014718856,0.08772329303638572,0.0,0.0,0.00202292678816347,0.0,0.0,0.0,0.0,0.0,0.0,0.02373728440715862,0.0,0.0,0.0,0.014293644107049983,0.018227871587752707,0.04784511266595338,0.021842000504131126,0.0,0.0,0.0512829332189455,0.0,0.0,0.0,0.0049827535427061954,0.0,0.01249318946214085,0.0,0.09612537963425812,0.0,0.0,0.0,0.0,0.0,0.0,0.0,0.001993279914247111,0.0,0.0,0.0,0.0,0.0026619258836044803,0.0,0.0,0.014132371922851491,0.01410861606198939,0.0646237070106412,0.0,0.0,0.01635156860908608,0.0,0.0009129870851518618,0.0,0.0,0.015392697939378716,0.0014802925492954427,0.0,0.0
"Aspartic acid,g",0.0,0.0,0.0,0.0,0.0,0.0,0.0,0.04150824495735434,0.0,0.0,0.0,0.0,0.0,0.0,0.0,0.0,0.0,0.0,0.0,0.0,0.0,0.0,0.0,0.0,0.0,0.0,0.0,0.0,0.0,0.013081107335066192,0.0,0.0,0.0,0.0,0.0,0.0,0.0,0.0,0.0,0.006648636802174486,0.0,0.0,0.0,0.0,0.010302586250833039,0.0,0.0,0.0,0.0,0.01476273249569771,0.0,0.0,0.0,0.0,0.0,0.0,0.0,0.009313445585420466,0.0,0.0,0.0,0.0,0.0,0.0,0.0,0.0,0.0,0.0,0.0,0.0,0.0,0.0,0.035635413592066144,0.0030607660326423813,0.029607472769074702,0.0,0.0,0.0,0.012126167101998694,0.0,0.0,0.0,0.0,0.0,0.0,0.0,0.0
"Cystine,g",0.0,0.0,0.0,0.011530156163730293,0.0,0.0,0.03824563370986974,0.0,0.0006450028680099019,0.0002024352242291319,0.0,0.0,0.0,0.0,0.0,0.0,0.0,0.0,0.0,0.0,0.0,0.0,0.0,0.0,0.0,0.0,0.0,0.0,0.00961231566699585,0.0,0.0,0.0,0.0,0.00999927091866156,0.00858269732885519,0.0,0.0,0.0,0.0,0.008924121607818527,0.0,0.0,0.0,0.0,0.005006812539311065,0.0,0.0,0.0,0.0,0.06485866819732572,0.0,0.0,0.0,0.0,0.027755370434428633,0.0,0.0,0.11225582373618694,0.006801301733220471,0.0,0.0,0.00021112957418567254,0.0,0.010178709311915855,0.0,0.0,0.009907497282740279,0.0,0.0,0.0016967635138977906,0.0,0.0,0.0,0.015372425134311637,0.0023487769508903885,0.0,0.0019825808180665185,0.0,0.0,0.0,0.0,0.0,0.0,0.0,0.0,0.0,0.0
"Met + Cys,g",0.0,0.0,0.009871395157798137,0.0,0.0,0.0,0.02650170944655233,0.0,0.0,0.0,0.0,0.0,0.0,0.0,0.0,0.0,0.0,0.0,0.0,0.0,0.0,0.0,0.0,0.0,0.0,0.0,0.0,0.0,0.0,0.09592026134598909,0.0,0.0,0.0,0.0,0.0,0.0,0.0,0.0,0.0,0.0,0.01567227167225501,0.0,0.0,0.005245238551177487,0.0,0.0,3.2321527751656767,0.0,0.0,0.0,0.0,0.0,0.0,0.0,0.0,0.0,0.05976716199538931,0.0,0.0,0.0,0.0,0.0,0.0,0.003195322409901465,0.0,0.0,0.0,0.0,0.00015355497929419042,0.0,0.0,0.0,0.0,7.336084979460109,0.00043123762919944526,0.0,0.0004460422682480618,0.0,0.026187394657128868,0.0,0.0,0.0,0.0,0.0,0.0,0.0,0.0
"Glutamic acid,g",0.0,0.0,0.0,0.0,0.0,0.0,0.0,0.0,0.0,0.0,0.0,2.387107137808825,0.005084591198479955,0.0,0.0,0.0,0.0,0.0,0.0,0.0,0.0,0.0,0.0,0.0,0.0,0.0,0.0,0.0,0.0,0.0,0.0,0.0,0.0,0.0,0.0,0.0,0.0,0.0,0.0,0.0,0.0,0.0,0.0,0.0,0.02746970673362618,0.0,0.0,0.0,0.0,0.00038341031452659844,0.0,0.0,0.0,0.0,0.0,0.0,0.0,0.0,0.0,0.0,0.0,0.0,0.0,0.0016625951002668473,0.0,0.0,0.0,0.0,0.0,0.0,0.0005840921570993357,0.0,0.0,27.340584305474458,0.0,0.0,0.0008997372010234497,0.004132645662902232,0.0012710666727860044,0.0,0.0,0.0,0.0,0.0,0.0,0.0,0.0
"Glycine,g",0.0,0.0,0.0,0.0,0.0,0.0,0.0007334737197974752,0.0,0.0,0.0,0.0,0.0,0.0,0.0,0.0,0.0,0.0,0.0,0.0,0.0,0.0,0.0,0.0,0.0,0.0,0.0,0.0,0.0,0.0,0.018312355021416198,0.00048703767656085547,0.00978462097899374,0.0,0.0,0.0,0.0,0.0,0.0,0.0,0.0,0.0,0.0,0.0,0.0,0.0,0.005521090346712548,0.0,0.0006147981461287,0.0,7.808049062726138e-05,4.647185189819844e-05,0.0,0.0,0.1115111131001241,0.0,0.0,0.00019310742894421834,0.03260846969363034,0.0003076675391592591,0.0,0.00045426678708696135,0.0007271878632440837,0.0,0.006031550971534205,0.0,0.0,0.0,0.0,0.0,0.0031204973717415645,0.0,0.0013869406556106289,0.0,0.0014142656732439585,0.018387889014975182,0.013476629819475065,0.061404609809254794,0.0,0.023341236199669435,0.0,0.004579768253912541,0.0,0.0,0.0,0.0,0.0,0.0
"Proline,g",0.0,0.0,0.0,0.0,0.0,0.0,0.0,0.0,0.0,0.0,7.102355769230771,0.0,0.0,0.0,0.0,0.0,0.0,0.0,0.0,0.0,0.0,0.0,0.0,0.0,0.0,0.0,0.0,0.0,0.03594897294360161,0.0,0.0,0.0,0.0,0.0,0.0,0.0,0.0,0.0,0.0,0.0,0.0,0.0,0.0,0.0,0.0,0.0,0.0,0.0,0.0,0.0,0.0,0.0,0.0,0.0,0.0,0.0,0.0,0.0,21.346746794871812,0.0,0.0,0.0,0.0,0.0,0.0,0.0,0.0,0.0,0.0,0.0,0.0,0.0,0.0,0.08904791463094117,0.0,0.0,2.2361538461538437,0.0,0.0,0.0,0.0,0.0,0.0,0.0,0.0,0.0,0.0
"Serine,g",0.0,0.0,0.0,0.0,0.0,0.0,0.0,0.0,0.0,0.0,0.0,0.0,0.0,0.0,0.0,0.0,0.0,0.0,0.0,0.0,0.0,0.0,0.0,0.0,0.0,0.0,0.0,0.0,0.020645941191785637,0.0,0.0,0.0,0.018401342991454555,0.0,0.0,0.0,0.0,0.0,0.0,0.0,0.0,0.0,0.0,0.0,0.0,0.0,0.0,0.0,0.0,0.0,0.0,0.0,0.0,0.0,0.0,0.0,0.0020093053051803674,0.10252724763933314,0.0,0.0,0.0,0.0,0.0,0.0,0.0,0.0,0.0,0.0,0.0,0.00544040637391556,0.0,0.0,0.0,0.00814828781177912,0.0,0.0,0.0,0.0,0.045892454320530754,0.0,0.0,0.0,0.0,0.0,0.011148316858557869,0.0,0.0
"Tyrosine,g",0.0,0.0,0.0,0.0,0.0,0.0,0.0,1.4072503846153839,0.0,0.0,0.0,0.0,0.5080030892307686,0.0,0.0,0.0,0.0,0.0,0.0,0.02038133598617993,0.0,0.0,0.0,0.0,0.0,0.0,0.0,0.0,0.0,0.0,0.0,0.0,0.0,0.0,0.0,0.0,0.0,0.0,0.0,0.0,0.0,0.0,0.0,0.0,0.0,0.0,0.0,0.010106560225494457,0.0,2.0386226177429334,2.747997043269229,0.0,0.0,0.0,0.0,0.0,2.642676425751065e-05,0.08105796393599049,0.0,0.0,0.0,0.0017133825814829974,0.0,0.0,0.0,0.0,0.04589957759528115,0.0,0.0,0.0015683971385873844,0.0,0.0,0.0,0.021677497634710104,0.0,0.011607307336614386,0.004983698860929294,0.00023207150863448212,0.004494951645543562,0.0,14.677219860576942,0.0,0.8997704930769208,0.0,0.0,0.0,0.0
"Phe + Tyr,g",0.0,0.0,0.015104608333292437,0.008532576435383965,0.0,0.0,0.0,0.0,0.0,0.0,0.0,1.3424501424501414,0.0,0.0,0.024556133133766957,0.0,0.0,0.0,0.0,0.014533935014718814,0.0,0.009612315666995611,0.0,0.0,0.0,0.03594897294360183,0.020645941191785727,0.0,0.0,0.055976326650019836,0.06175400267806269,0.0,0.07628081840830714,0.0,0.0,0.0,0.0,0.0,0.0,0.03960365694426425,0.05193633705098581,0.0,0.0,0.017829422659258964,0.0,0.0,0.0,0.0,0.0,0.0,0.0,0.0,0.0,0.033383364963004473,0.009834955295774384,0.0,0.004815937166879726,0.004020927319337678,0.0,0.0,113.27115384615388,0.033267239636111674,0.0,0.0,0.0,0.0,0.0,0.0,0.0,0.017319652148244852,0.0,0.004756684651952102,0.0,10.060555735992452,0.0,19.410157935209448,0.05943252437014112,0.0,0.0,0.0,0.0,0.0,0.0,0.0,0.00030930787782678434,7.704629629629622,0.018171202229692842
"Ether extract,g",0.0,0.0,0.0,0.0,0.0,0.0,0.08147091574144324,0.043111818612603284,0.0,0.0,0.0,0.00750599832980959,0.03891567743808861,0.0,0.0,0.06168869348676576,0.0,0.0,0.0,0.0877232930363882,0.013081107335066235,0.0,0.095920261345989,0.0,0.01831235502141621,0.0,0.0,0.0,0.0559763266500205,0.0,0.0,0.08173879438050864,0.0,0.0,0.0,0.0,0.06308748917438672,0.0,0.0,0.0,0.052866728853945145,0.0,0.0,0.0,0.09037153100574578,0.0807714006366995,0.0,0.0,0.0,0.0520794663140223,0.0031515689549353383,0.0,0.0,0.07456419486130213,0.0,0.0037559054696484438,0.0009841789245078481,0.05562847894704521,0.0014673800089599629,0.0,0.012521489342837873,0.0025695796978166445,0.0,0.018179121826340683,0.003810956061982052,0.0,0.0,0.0,0.0015574813292860042,0.00944757024490647,0.00249878881674452,0.0,0.0006380778569361392,0.10662858025501994,0.00535990344058956,0.06871486010585212,0.00956836732256212,0.06147849811843317,0.021492573147670127,0.0,0.021107567020767236,0.047263990414232515,0.0026280755307049376,0.0,0.004665588113633725,0.0027653658563175413,0.00013834364918314726
"SFA,g",0.0,0.0,0.0,0.0,0.0,0.0,0.0,0.0,0.0,0.0,0.0,0.0,0.0,0.0,0.0,0.0,0.0,0.0,0.0,0.0,0.0,0.0,0.0,0.0,0.0004870376765608552,0.0,0.0,0.0,0.06175400267806301,0.0,0.0,0.0,0.0,0.0,0.0,0.0,0.0,0.0,0.0,0.0,0.0,0.0,0.0,0.0,0.0,0.000981972934714955,0.0,0.0,0.0,0.0,0.0,0.0,0.0,0.04810897038044628,0.0,0.0,5.692067766729708e-05,0.0,0.0,0.0,7.176449118251929e-05,0.0,0.0,0.0,0.0,0.0,0.0,0.0,0.013552136159737537,0.0,0.0,0.0,0.0,0.0,0.0,0.1023722801410624,0.0002131719503493749,0.0,0.0017985483296707287,0.0,0.008179478550956236,0.0,0.0,0.0,0.0,0.0,0.0
"MUFA,g",0.0,0.0,0.0,0.0,0.0,0.0,0.00723202607100573,0.0,0.0,0.0014893898433090032,0.0,0.0,0.0,0.0,0.0499627695149807,0.0,0.0,0.0,0.0,0.0,0.0,0.0,0.0,0.0,0.009784620978993705,0.0,0.0,0.0,0.0,0.08173879438050788,0.0,0.0,0.0,0.0,0.0,0.0,0.0,0.0,0.0,0.0,0.0,0.0,0.0,0.029519767437721642,0.017765912462200585,0.006626936731575009,0.010473448454695502,0.0,0.0,0.0,0.002114238439253119,0.0,0.0,0.11408191908603971,0.0,0.0,0.002719768683909246,0.027380808522829817,0.005124858290836777,0.0,0.0009693856258686934,0.0,0.0,0.001730913827210882,0.0,0.0,0.0011912949622409842,0.0,0.005940066937133221,0.0,0.0,0.0,0.0007278794469078969,0.02530985887321737,0.0033035456292964814,0.0,0.000692856100377541,0.039181213180508594,0.012844509145457792,0.005781503942735602,0.0,0.0017727964413766194,0.0002575313942810853,0.0,0.0,0.0,0.0
"PUFA,g",0.0,0.0,0.0006833540727017803,0.0,0.0,0.0,0.0,0.0,0.0,0.03874215398781178,0.0,0.0,0.0,0.0,0.0,0.0,0.0,0.0,0.0,0.002022926788163502,0.0,0.0,0.0,0.0,0.0,0.0,0.018401342991454538,0.0,0.07628081840830755,0.0,0.0,0.0,0.0,0.0,0.0,0.0,0.0,0.0,0.0,0.0,0.0,0.0,0.0,0.0,0.0,0.0,0.014777211424819149,0.0,0.0,0.0,0.0,0.00025634663634203637,0.0,0.055985956624434306,0.0,0.0,0.005598118053529874,0.020970881266307376,0.002725373341025553,0.0,0.026506718072585755,0.0,0.0,1.1835612440213348,0.010470507513324652,0.0,0.0,0.0,0.0,2.3512034916181803,0.0,0.0,0.0,0.00042773799637427223,0.001235355014210206,0.07990696500376193,0.0015338300365896796,0.0,0.0,0.0,0.00875244825850301,0.0,0.0,0.0,0.0,0.0,0.0
"n-3 PUFA,g",0.0,0.0,0.0,0.0,0.00736356211913085,0.0,0.016621600949324234,0.018675780082435277,0.0,0.00020268385158644475,0.027624280477378683,0.0,0.0,0.0,0.02273651970732845,0.0,0.0,0.0,0.0,0.0,0.0,0.00999927091866156,0.0,0.0,0.0,0.0,0.0,0.0,0.0,0.0,0.0,0.0,0.0,0.0,0.0,0.0,0.0,0.0,0.0,0.016931355354095727,0.0,0.0,0.0,0.0,0.07396566354025147,0.03790786641631255,0.0,0.0,0.0,0.00034130873364717623,0.0,0.0282567818819823,0.0,0.0037687334456011773,0.0,0.0,0.0,0.0,0.028675649267346566,0.0,0.0,0.0,0.0,0.0003788554459883509,0.0,0.0,0.001821859908159466,0.0,0.0,0.016953423364429083,0.0,0.0,0.0,0.005738417996902629,0.0002618969446783482,0.002801813854313634,0.0016246630079513398,0.0,0.020019276141614997,0.0,0.0,0.016798587110572798,0.0,0.0,0.0,0.0,0.0
"n-6 PUFA,g",0.0,0.0,0.0,0.0,0.0,0.0,0.0,0.0,0.0,0.0,0.0,0.0,0.0,0.0,0.0,0.0,0.0,0.0,0.0,0.0,0.0,0.008582697328854959,0.0,0.0,0.0,0.0,0.0,0.0,0.0,0.0,0.0,0.0,0.0,0.0,0.0,0.0,0.0,0.0,0.0,0.0,0.0,0.0,0.0,0.0,0.0,0.0,0.0,0.0,0.0,0.0,0.0,0.0,0.0,0.0,0.0,0.0,0.0,0.10660782497693785,0.0,0.0,0.003895644953926136,0.0,0.0,0.0,0.0,0.0,0.0,0.0,0.0,0.0,0.001951438445940635,0.0,0.0,0.008145145207674176,0.0,0.006429730106961091,0.0,0.0,0.0,0.0,0.0,0.0,0.0,0.0,0.0,0.0,0.0
"n-3:n-6 ratio,g",0.0,0.0,0.0,0.0,0.0,0.0,0.0,0.0,0.0,0.0,0.0,0.0,0.0,0.0,0.0,0.0,0.0021042901555934435,0.0,5.293153846153841,0.0,0.0,0.0,0.0,0.0,0.0,0.0,0.0,0.0,0.0,0.0,0.0,0.0,0.0,0.0,0.0,0.0,0.0,0.0,0.0,0.0,0.0,0.0,0.0,0.0,0.0,0.036893828988434955,0.035717294520647605,0.0,0.0,0.0,0.0014888933320812842,0.0,0.0,0.04475621338290815,0.0,0.0,0.0,0.07450992758717992,0.009013352868569413,0.0,0.0,0.0,0.0,0.020060558059236847,0.0,0.0,0.0,0.0,0.0,0.002079656964236092,0.0,0.0,0.0,81.23484448822839,0.002106587859442683,0.001843851680646679,0.0,0.0,0.0,1.1500928307692282,0.0,0.0,0.0,1.3569230769230756,0.0,0.0,0.0
"C14,g",0.0,0.0,0.015590543201643015,0.0,0.022707738580653242,0.0,0.0,0.0,0.0,0.0,0.0,0.0,0.0003030284509505409,0.0,0.0,0.0,0.0,0.0,0.0,0.0,0.0,0.0,0.0,0.0,0.0,0.0,0.0,0.0,0.0,0.06308748917438672,0.0,0.0,0.0,0.0,0.0,0.0,0.0,0.0,0.0,0.009739980317285499,0.015514907214062847,0.0,0.0,0.0,0.004580384668995315,0.005327055666753814,0.0,0.0,0.0,0.0,0.005189546839291791,0.00017531801202836386,0.0,0.0,0.0,0.0,0.0,0.0,0.0,0.0,0.04863984639708397,0.0,0.0,0.014893720489525636,0.0,0.0,0.0,0.0,0.0,0.0,0.0,0.0,0.0,0.014101754481685314,0.0017749400920903074,0.0,0.005366743340385203,0.0,0.002766738621615152,0.0,0.0,0.0,0.021078658154470045,0.0,0.0,0.001754080699503214,0.0
"C15:0,g",0.0,0.0,0.0,0.0,0.0,0.0,0.0,0.0,0.0,0.0,0.0,0.0,0.0,0.0,0.0,0.0,0.0,0.0,0.0,0.0,0.0,0.0,0.0,0.0,0.0,0.0,0.0,0.0,0.0,0.0,0.0,0.0,0.0,0.0,0.0,0.0,0.0,0.0,0.0,0.0,0.0,0.0,0.0,0.0,0.0,0.0,0.0,0.0,0.0,0.0,0.0,0.0,0.0,0.0,0.0,0.0,0.0,0.0,0.0,0.0,0.0,0.0,0.0,0.0,0.0,0.0,0.0,0.0,0.0,0.0,0.0,0.0,0.0,0.0,0.0,0.0,0.0,0.0,0.0,0.0,0.0,0.0,0.0,0.0,0.0,0.0,0.0
"C15:1,g",0.0,0.0,0.0,0.0,0.0,0.0,0.0,0.0,0.0,0.0,0.0,0.0,0.0,0.0,0.0,0.0,0.0,0.0,0.0,0.0,0.0,0.0,0.0,0.0,0.0,0.0,0.0,0.0,0.0,0.0,0.0,0.0,0.0,0.0,0.0,0.0,0.0,0.0,0.0,0.0,0.0,0.0,0.0,0.0,0.0,0.0,0.0,0.0,0.0,0.0,0.0,0.0,0.0,0.0,0.0,0.0,0.0,0.0,0.0,0.0,0.0,0.0,0.0,0.0,0.0,0.0,0.0,0.0,0.0,0.0,0.0,0.0,0.0,0.0,0.0,0.0,0.0,0.0,0.0,0.0,0.0,0.0,0.0,0.0,0.0,0.0,0.0
"C16:0,g",0.0,0.0,0.007674723427660286,0.0,0.008248864173383578,0.0,0.0,0.014909164819923892,0.0,0.0,0.0,0.0,0.0,0.0,0.0,0.0,0.0,0.0,0.0,0.02373728440715873,0.006648636802174819,0.008924121607818527,0.0,0.0,0.0,0.0,0.0,0.0,0.03960365694426411,0.0,0.0,0.0,0.0,0.016931355354095668,0.0,0.0,0.009739980317285485,0.0,0.0,0.0,0.015075178243207088,0.0,0.0,0.0,0.08882468529797477,0.01189397387359322,0.0,0.0,0.0,0.0013937024871069207,0.006359463816659556,0.01761516133807913,0.0,0.0760960815045719,0.007167527845136644,0.0,0.00045644819182730505,0.09842547494974171,0.0,0.0,31.61176378899914,0.0012127339294518815,0.0,0.0061257341407466815,0.0,0.0003996017835355537,0.038087273047127286,0.0,0.001062522136525656,0.01193072092068364,0.0,0.0007150342952247993,0.0,0.07103489716741722,0.00021448836548348276,0.004452744821484972,0.005624498141095565,0.0,0.08464249090150318,0.0,0.0,0.0,0.0026678071661904003,0.0,0.0,0.0005083119058699126,0.0
"C16:1,g",0.0,0.0,0.0,0.0,0.0,0.00010365217668768467,0.0,0.0,0.0,0.00010404176608517447,0.0,0.0,0.0,0.0,0.10308115202337255,0.0,0.0,0.0036505874252038325,0.0,0.0,0.0,0.0,0.015672271672255073,0.0,0.0,0.0,0.0,0.0,0.05193633705098587,0.05286672885394514,0.0,0.0,0.0,0.0,0.0,0.0,0.015514907214063012,0.0,0.0,0.015075178243207097,0.0,0.0,0.0,0.005493222328263119,0.07265994612145182,0.0,0.027349203268841746,0.0,0.0,0.0,0.0005639757747194911,0.0,0.0,0.06347170296726037,0.0014771020403388018,0.0,0.0011679296203616464,0.06869858262310247,0.0,0.0,2.0973809073514724,0.5248879745186876,0.0,0.0053944049068234395,0.0036834306236656787,0.0,0.0,0.0,0.05064427471762833,2.5287227653604036,0.045991328207609095,0.010584286640195728,0.0,0.023216469442595054,0.0,0.016162131912395315,0.0010233235762789302,0.0,0.014115443183448624,0.0,0.009854271367475784,0.009339313557845993,0.9531871507228382,0.003069976169992811,0.0,0.03121814636788586,0.0
"C17:0,g",0.0,0.0,0.0,0.0,0.0,0.0,0.0,0.0,0.0,0.0,0.0,0.0,0.0,0.0,0.0,0.0,0.0,0.0,0.0,0.0,0.0,0.0,0.0,0.0,0.0,0.0,0.0,0.0,0.0,0.0,0.0,0.0,0.0,0.0,0.0,0.0,0.0,0.0,0.0,0.0,0.0,0.0,0.0,0.0,0.0,0.0,0.0,0.0,0.0,0.0,0.0,0.0,0.0,0.0,0.0,0.0,0.0,0.0,0.0,0.0,0.0,0.0,0.0,0.0,0.0,0.0,0.0,0.0,0.0,0.0,0.0,0.0,0.0,0.0,0.0,0.0,0.0,0.0,0.0,0.0,0.0,0.0,0.0,0.0,0.0,0.0,0.0
"C17:1,g",0.0,0.0,0.0,0.0,0.0,0.0,0.0,0.0,0.0,0.0,0.0,0.0,0.0,0.0,0.0,0.0,0.0,0.0,0.0,0.0,0.0,0.0,0.0,0.0,0.0,0.0,0.0,0.0,0.0,0.0,0.0,0.0,0.0,0.0,0.0,0.0,0.0,0.0,0.0,0.0,0.0,0.0,0.0,0.0,0.0,0.0,0.0,0.0,0.0,0.0,0.0,0.0,0.0,0.0,0.0,0.0,0.0,0.0,0.0,0.0,0.0,0.0,0.0,0.0,0.0,0.0,0.0,0.0,0.0,0.0,0.0,0.0,0.0,0.0,0.0,0.0,0.0,0.0,0.0,0.0,0.0,0.0,0.0,0.0,0.0,0.0,0.0
"C18:0,g",0.0,0.0,0.0,0.045377154023344614,0.0,0.0,0.0,0.037373405918090796,0.0,0.021563241863615305,0.0,0.001113565367881721,0.010730651877257628,0.0,0.0,0.0,0.0,0.0,0.0,0.014293644107050002,0.0,0.0,0.005245238551177469,0.0,0.0,0.0,0.0,0.0,0.017829422659259034,0.0,0.0,0.029519767437721663,0.0,0.0,0.0,0.0,0.0,0.0,0.0,0.0,0.0054932223282631,0.0,0.0,0.0,0.0,0.0116298123861469,0.030023958951025068,0.0,0.0,0.008090733040393094,0.001075397625247189,0.007853941240225551,0.0,0.07913840560485112,0.0,0.0,0.7108895895227868,0.007064240278272734,0.0027099182602411025,0.0,0.0,0.0011015672233666905,0.0,0.0032543706255409866,0.0,0.0023406285384766513,0.0,0.0,0.0015567306467038587,5.398115368644073,0.0,0.0,0.0,0.025691668258809326,0.0,0.008166992461229872,0.004522763348111072,0.0,0.0041021128051559105,0.0,0.0008097622602073597,0.0,0.0,0.0,0.003108830457213979,0.0,0.0011835188776430521
"C18:1,g",0.0,0.0,0.007898311338135153,0.07735051876668009,0.03436752422001681,0.0,0.0041118507490550465,0.11893378845155557,0.0,0.0,0.014637750636644124,0.0,0.0,0.0,0.0,0.0016756822806043982,0.0,0.0,0.0,0.018227871587752922,0.010302586250832793,0.005006812539311069,0.0,0.02746970673362618,0.0,0.0,0.0,0.0,0.0,0.09037153100574509,0.0,0.01776591246220062,0.0,0.0739656635402513,0.0,0.0,0.0045803846689953095,0.0,0.0,0.08882468529797552,0.07265994612145203,0.0,0.0,0.0,0.0,0.17313032955386282,0.023316165415306532,0.0,0.0,0.019338602941621888,0.0029490287192859566,0.024411186062031028,0.0,0.37118381606000334,0.0869023304445504,0.0,0.0003207882256537828,0.11000279651107694,0.0005837699327455098,0.0,0.035719729345403274,0.0,0.0,0.018309988180150144,0.09264240581632617,0.0,0.007304694435121272,0.0,0.07558388363478723,0.042434593542233424,0.002339215713588451,0.0,0.0,0.017950678707828467,0.014425404729944932,0.0,0.01007317476857325,0.006203650754957649,0.007855920722463914,0.0,0.1610879292763964,0.046846231252678575,0.009297913760148234,0.0,0.0,0.0,0.0
"C18:2 cis n-6 LA,g",0.0,0.0,0.0,0.0,0.009799891676445379,0.0,0.0,0.03502494667205997,0.0,0.01621030004147841,0.017598838847583533,0.0,0.0,0.0,0.03213760237737713,0.0,0.015321816060926948,0.0,0.0,0.0478451126659524,0.0,0.0,0.0,0.0,0.005521090346712547,0.0,0.0,0.0,0.0,0.08077140063669996,0.0009819729347149535,0.006626936731575012,0.0,0.037907866416312434,0.0,0.03689382898843496,0.005327055666753808,0.0,0.0,0.011893973873593214,0.0,0.0,0.0,0.01162981238614691,0.17313032955386354,0.0,0.03878790118415002,0.0,0.0,0.02211744299912497,0.0004844291351553862,0.0,0.0,0.0,0.0,0.0,0.0,0.1401539885322077,0.0,0.0,0.0032393660015460285,0.0,0.0,0.0,0.003704170473929933,0.0,0.002243092495403526,0.0,0.00016334187545309978,0.011135216411724172,0.8245615583879005,0.0,0.0,0.005890267085788815,0.010371274982912852,0.0031878395138131743,0.005782089059035041,0.0,3.2557846153846226,0.0,0.025129583508854858,0.012030922656248251,0.0,1.5934153846153891,0.0,0.0,0.0015017079105527657
"C18:3 cis n-3 ALA,g",0.0,0.0,0.030906839267931255,0.0,0.0,0.0,0.0,0.0,0.007437835085627857,0.011197346793238713,0.0,0.0,0.0,0.0,0.0,0.0,0.0019048834353534998,0.0,0.0,0.021842000504131178,0.0,0.0,3.2321527751656793,0.0,0.0,0.0,0.0,0.0,0.0,0.0,0.0,0.010473448454695469,0.014777211424819147,0.0,0.0,0.03571729452064762,0.0,0.0,0.0,0.0,0.027349203268841785,0.0,0.0,0.030023958951025352,0.023316165415306584,0.038787901184150035,0.0,0.0,0.0,0.0,0.0019839419523345297,0.0008765969724357128,0.0,0.20882267635970955,0.0,0.0,0.001409566597926982,0.06322498334670623,0.00898287263917441,0.0,0.03902755909954729,0.0,0.0,0.00999716469339327,0.003000682334792989,0.0004366920945518358,0.0,0.0,0.0016175679634456304,0.002869325527550133,0.037471848120380846,0.0,0.0,37.01133610036874,0.003315229284236508,0.0016041880218437376,0.011383541206795059,0.0,0.024939793452634827,0.04011650998613335,0.004606093201956581,0.0,0.0,0.0023595719788413617,0.027457675659269484,0.005288714963529005,4.0788662661291985e-05
"C20:0,g",0.0,0.0,0.0,0.0,0.0,0.0,0.0,0.0,0.0,0.0,0.0,0.0,0.0,0.0,0.0,0.0,0.0,0.0,0.0,0.0,0.0,0.0,0.0,0.0,0.0006147981461287001,0.0,0.0,0.010106560225494457,0.0,0.0,0.0,0.0,0.0,0.0,0.0,0.0,0.0,0.0,0.0,0.0,0.0,0.0,0.0,0.0,0.0,0.0,0.0,0.0,0.0,0.0,0.0,0.0,0.0,0.0,0.0,0.0,0.0,0.0,0.0,0.0,0.0,0.00022879254629906085,0.0,0.0,0.0,0.0,0.007014973104801539,0.0,0.0,4.193023308388864e-05,0.0,0.0,0.0,0.0,0.0,0.0,0.0007732219823418453,0.0,0.0,0.0,0.0,0.0,0.0,0.0,0.0,0.0,0.0
"C20:1,g",0.0,0.0,0.0,0.0,0.0,0.0,0.0,0.0,0.0,0.0,0.0,0.0,0.0,0.0,0.0,0.0,0.0,0.0,0.0,0.0,0.0,0.0,0.0,0.0,0.0,0.0,0.0,0.0,0.0,0.0,0.0,0.0,0.0,0.0,0.0,0.0,0.0,0.0,0.0,0.0,0.0,0.0,0.0,0.0,0.0,0.0,0.0,0.0,0.0,0.0,0.0013059365954118563,0.0,0.0,0.0,0.0,0.0,0.0,0.0,0.0,0.0,0.03109677386477103,0.0,0.0,0.0,0.0,0.0,0.0,0.0,0.00020925393448763935,0.0,0.0,0.0,0.0,0.008301683124028018,0.0,0.0,0.004572602380680367,0.0,0.0,0.0,0.0,0.0,0.0,0.0,0.0,0.0021857084150172135,0.004093083333108854
"C20:4n-6 ARA,g",0.0,0.0,0.0,0.009208323630951167,1.9342485876902757e-05,0.0,4.304853899911232,0.0935568085415786,0.0,0.0,0.0,0.01781425144411604,39.27102173010507,0.0,0.0009439427212781851,0.0,0.0013007360557886773,0.0,5.9289674596227845e-05,0.05128293321893305,0.014762732495696573,0.06485866819732294,0.0,0.0003834103145265948,7.808049062727797e-05,0.0,0.0,2.038622617742932,0.0,0.05207946631401478,0.0,0.0,0.0,0.0003413087336470648,0.0,0.0,0.0,0.0,0.0,0.0013937024871068797,0.0,0.0,0.0,0.008090733040391563,0.01933860294162479,0.022117442999122567,0.0,0.0,0.0,0.0,6.034569839543545,0.0,0.0,0.0732087470968594,14.084995674892046,3.8939081385072507,0.0,0.06271409393008352,1.8484831424183117,0.0,0.0,0.0004473505657101287,0.0,0.7124924445519535,0.018103708611168425,0.0,0.0,26.14238770699501,0.0033885163779113028,0.001013960839664285,0.0005602497388760646,5.7817521025904,0.09814879582500097,0.021399270863949837,0.09580323737589409,0.1553982954354606,0.03721476334630164,0.0,0.0672512191640069,24.62450284704963,5.56821564663691,0.016113542890762916,9.21101781229212,0.008517608490385596,0.00016774142432969324,0.05225674089033973,0.0
"C20:5n-3 EPA,g",0.0,0.0,0.0019126582892456333,0.0,0.0,0.0,0.009795883516863358,0.4925355424705839,0.0010488252458642645,0.002565238168247743,0.0,0.5687910306999323,3.646036918574654e-05,0.0,0.0,0.005386468521931462,0.0,0.0,0.0,0.0,0.0,0.0,0.0,0.0,4.647185189819953e-05,0.0,0.0,2.747997043269228,0.0,0.003151568954935315,0.0,0.002114238439253174,0.0,0.0,0.0,0.0014888933320812729,0.005189546839291826,0.0,0.0,0.00635946381665958,0.0005639757747194948,0.0,0.0,0.001075397625247186,0.0029490287192859587,0.0004844291351553864,0.0019839419523345254,0.0,0.001305936595411858,6.034569839543544,0.0,0.0008386721854857769,0.0,0.009873528632319292,0.0,0.7709182534802705,0.0,0.002144064507832107,0.0,0.0,1.1801327561572417,0.0016039697920760194,0.0,0.007827159050976473,3.96845717469397e-05,0.0,0.0,0.0,0.0,0.007659870967925575,0.0,0.0011976175714328797,0.0014606717675636404,0.025909904361875374,0.01172310051276066,0.010057044428555921,0.04215557528514811,0.0,0.07067863032749894,0.0,39.4980696949128,7.7077658027125935,0.0008763896674372582,0.0,0.000901417995612792,0.009171460051054072,0.0006639816377847649
"C22:0,g",0.0,0.0,0.0,0.0,0.0,0.0,0.0,0.10883897604016401,0.0,0.0,0.0,0.0,0.0,0.0,0.01414697563924426,0.00685531835256204,0.0,0.0,0.0,0.0,0.0,0.0,0.0,0.0,0.0,0.0,0.0,0.0,0.0,0.0,0.0,0.0,0.0002563466363420356,0.02825678188198219,0.0,0.0,0.00017531801202836327,0.0,0.0,0.017615161338079215,0.0,0.0,0.0,0.007853941240225547,0.02441118606203098,0.0,0.0008765969724357117,0.0,0.0,0.0,0.0008386721854857797,0.0,0.0,0.03051479846145013,0.0,0.0008052649351905218,0.0,0.020729914508147367,3.40154542326646e-05,0.0,0.005372477831490306,0.0,0.0,0.0,5.1191855650520806e-05,0.0,0.0018893235133553973,0.0,0.0015142396219691237,0.005731513472331385,0.0,0.0,0.0,0.0036936803976310504,6.214328394820714e-06,0.01907411636955353,0.0019217951576462442,0.0,0.0,0.0,0.0,0.0,7.808606156144588e-05,0.0,0.0,0.0,0.0008955476057481632
"C22:1,g",0.0,0.0,0.0,0.0,0.0,0.0,0.0,0.0,0.0,0.0,0.0,0.0,0.0,0.0,0.0,0.0,0.0,0.0,0.0,0.0,0.0,0.0,0.0,0.0,0.0,0.0,0.0,0.0,0.0,0.0,0.0,0.0,0.0,0.0,0.0,0.0,0.0,0.0,0.0,0.0,0.0,0.0,0.0,0.0,0.0,0.0,0.0,0.0,0.0,0.0,0.0,0.0,0.0,0.0,0.0,0.0,0.0,0.0,0.0,0.0,0.0,0.0,0.0,0.0,0.0,0.0,0.0,0.0,0.0,0.0,0.0,0.0,0.0,0.0,0.0,0.0,0.0,0.0,0.0,0.0,0.0,0.0,0.0,0.0,0.0,0.0,0.0
"C22:6n-3 DHA,g",0.0,0.0,0.0,0.22723989059427377,0.03357429082813001,0.10237123904552083,0.013643715727746655,0.057290289253523585,0.006857427971285988,0.08742598697154556,0.0,0.0,0.09287905692231554,0.13362747403173522,0.10897414298317717,0.0,0.055692485717025265,0.05027905132654856,0.0,0.004982753542706356,0.0,0.0,0.0,0.0,0.11151111310012608,0.0,0.0,0.0,0.03338336496300444,0.0745641948613037,0.04810897038044701,0.1140819190860424,0.055985956624434154,0.0037687334456011938,0.0,0.044756213382909624,0.0,0.0,0.0,0.07609608150457348,0.06347170296726032,0.0,0.0,0.07913840560485227,0.37118381606000017,0.0,0.20882267635970997,0.0,0.0,0.07320874709685893,0.009873528632319384,0.030514798461450388,0.0,0.0,0.12486269035941155,0.16801167480202467,0.0730477965667132,1.038481482894775,0.16401853159477325,0.0,0.20443955945495967,0.0017152675857117594,0.0,0.03579678399510825,0.0039365434299662196,0.0,0.023669339461021024,0.09249185149917705,0.2862458507569311,0.03158879943730034,0.02278078842337576,0.09572409386609815,0.0,0.18156547126196815,0.022644002305264088,0.31891887354621234,0.05293862766547368,0.048637416356491006,0.0833491766601806,0.0,0.20357489210610136,0.1253088915896229,0.024714051463699913,0.0,0.002756073535189557,0.09528662214841682,0.0
"C24:0,g",0.0,0.0,0.0,0.0,0.0,0.0,1.2553223445319899,0.0,0.0,2.0468569129681216e-06,0.0,0.0,0.0,0.0,0.0,0.0,0.0,0.0,0.0,0.0,0.0,0.027755370434428515,0.0,0.0,0.0,0.0,0.0,0.0,0.009834955295774422,0.0,0.0,0.0,0.0,0.0,0.0,0.0,0.0,0.0,0.0,0.007167527845136699,0.0014771020403387977,0.0,0.0,0.0,0.0869023304445491,0.0,0.0,0.0,0.0,14.084995674892047,0.0,0.0,0.0,0.12486269035941383,0.0,0.0,0.0009679417362555794,0.0496870066067132,0.0,0.0,0.015479581577338308,0.0,0.0,0.0,0.0,0.0,9.537932311879868e-05,0.0,0.0,0.0,0.0,0.00019004148288242172,0.0,0.0004408171910241787,0.0004062417302556076,0.0,0.0,0.0,0.0030478563707402487,0.0,0.0,0.0,0.0,0.0,0.0,0.0,0.0
"Ash,mg",0.0,0.0,0.0,0.0,0.0,0.0,0.0,0.0,0.0,0.0,0.0,0.015826364201649443,0.0,0.0,0.0,0.0,0.0710840559379218,0.0,0.0,0.01249318946214005,0.0,0.0,0.0,0.0,0.0,0.0,0.0,0.0,0.0,0.0037559054696483136,0.0,0.0,0.0,0.0,0.0,0.0,0.0,0.0,0.0,0.0,0.0,0.0,0.0,0.0,0.0,0.0,0.0,0.0,0.0,3.893908138507248,0.7709182534802707,0.0008052649351903817,0.0,0.16801167480202422,0.0,0.0,0.0,0.02333441686302319,0.03496782304469946,0.0,0.0,0.0,0.0,0.0,0.0,0.0,0.0,0.0,0.018392846767019494,0.07400415993318481,0.005903914795347794,0.0,0.0002948267282685828,0.007327541988926933,0.0,0.0005336390980517358,0.0,0.0,0.004157033141253499,0.0,0.027758627672139657,0.0,0.001565752603546293,0.0,0.0,0.025068101067543914,0.0017673526597965254
Vitamin A IU,0.0,0.0,0.0,0.0,0.0,0.0,0.0007249317168544526,0.0,0.0,6.832262396247215e-05,0.0,0.0,0.013821033315051065,0.00012852758374844316,0.0,0.0,0.0,0.0,0.0023789417723094376,0.0,0.0,0.0,0.05976716199538923,0.0,0.00019310742894410645,0.0,0.0020093053051801714,2.6426764257510895e-05,0.0048159371668793395,0.0009841789245075944,5.692067766728439e-05,0.002719768683909606,0.005598118053529951,0.0,0.0,0.0,0.0,0.0,0.0,0.0004564481918272917,0.0011679296203616469,0.0,0.0,0.7108895895227868,0.0003207882256535243,0.0,0.0014095665979269906,0.0,0.0,0.0,0.0,0.0,0.0,0.07304779656671166,0.000967941736255586,0.0,0.0,0.09936652811105177,0.0799223487011431,0.0,0.007855395677492763,0.0008228283828763253,0.0,0.0,0.0035745819368706274,0.0,0.0,0.0,0.0035413400006455167,1.964262635275865,0.0009367675497504039,0.0,0.0,6.350478639954296,0.0007853477801010103,0.0,0.0069702425903657075,0.0069743461973241615,0.0404106708090721,0.0,0.00957250812394036,0.0,0.0019717715891670886,0.0,0.0,0.0,0.08717881682439318
"beta-carotene,mg",0.0,0.0,0.0,0.10948151374331042,0.07019775338358723,0.12301435650737337,0.0,0.0,0.012156551080432204,0.022534300878972752,0.012788822951745495,0.13596974719136246,0.0,0.08011697554962047,0.0,0.0,0.12404412789713096,0.01941453159506605,0.0,0.09612537963425852,0.009313445585421234,0.11225582373618695,0.0,0.0,0.0326084696936305,0.0,0.10252724763933371,0.08105796393599124,0.004020927319337151,0.055628478947046166,0.0,0.02738080852283077,0.02097088126630734,0.0,0.10660782497693781,0.07450992758718211,0.0,0.0,0.0,0.09842547494974338,0.0686985826231035,0.0,0.0,0.007064240278272542,0.11000279651107686,0.14015398853220382,0.06322498334670708,0.0,0.0,0.06271409393006627,0.0021440645078321064,0.02072991450814725,0.0,1.0384814828947635,0.04968700660671302,0.023334416863022657,0.09936652811105422,0.0,0.058323107197828905,0.0,0.06413375874123681,0.042754217494628766,0.0,0.03995781088876077,0.023511923992044246,0.0,0.006100406466934964,0.0,0.0,0.13180671224399906,0.2974350183048657,0.040450394325617756,0.008734037708979304,0.14790137482815474,0.07570602602899808,0.17945753024758798,0.047243828918514995,0.08848370474017386,0.2513257450171855,0.0,0.12417885053942579,0.0,0.005350060505681466,0.027123780950643866,0.07758677852696978,0.03934454532346058,0.01361974184576955
Vitamin D3 IU,0.0,0.0,0.0008486051517027013,0.00406129911608516,0.0,0.0,0.0006622848519065172,0.0021084229980133633,0.001348028831984361,0.00031847498368114914,94.13668269230776,0.0,0.0,0.026230582196360798,0.0,0.0,0.002293411895635377,0.010412404961673588,0.006066356280114088,0.0,0.0,0.006801301733220476,0.0,0.0,0.00030766753915923784,21.34674679487179,0.0,0.0,0.0,0.0014673800089601177,0.0,0.005124858290836524,0.0027253733410255616,0.028675649267346563,0.0,0.009013352868572773,0.0,0.0,0.0,0.0,0.0,0.0,0.0,0.0027099182602412677,0.0005837699327455314,0.0,0.008982872639174414,0.0,0.0,1.848483142418309,0.0,3.4015454232662184e-05,0.0,0.16401853159483415,0.0,0.03496782304469992,0.07992234870114626,0.0583231071978073,0.0,0.0,0.0,0.0,0.0,0.0,0.001424315894956629,0.0,0.0,0.006163120492734056,0.0014919058397395487,0.018411442389297254,0.0029633968450686644,0.0,0.0,0.0,0.0,0.0,4.240737324708672,0.0,0.09824753988282392,0.0,0.028645704430155905,0.0,0.0027182597766072904,0.0,0.000348012275139009,0.005503739105351294,0.0012987257676513532
"Vitamin D3 25-Hydroxyvitamin D, IU",0.0,0.0,0.0,0.0,0.0,0.0,0.0,0.0,0.0,0.0,0.0,0.0,0.0,0.0,0.0,0.0,0.0,0.0,0.0,0.0,0.0,0.0,0.0,0.0,0.0,0.0,0.0,0.0,0.0,0.0,0.0,0.0,0.0,0.0,0.0,0.0,0.0,0.0,0.0,0.0,0.0,0.0,0.0,0.0,0.0,0.0,0.0,0.0,0.0,0.0,0.0,0.0,0.0,0.0,0.0,0.0,0.0,0.0,0.0,0.0,0.0,0.0,0.0,0.0,0.0,0.0,0.0,0.0,0.0,0.0,0.0,0.0,0.0,0.0,0.0,0.0,0.0,0.0,0.0,0.0,0.0,0.0,0.0,0.0,0.0,0.0,0.0
Vitamin E IU,0.0,0.0,0.0,0.0,0.006866236811799674,0.0,0.0,0.0024806714848283127,0.0,1.0592650845686629,0.0,4.539031339031331,0.01875782049904759,0.0005861802832888605,0.0,0.0004924558789075688,0.0,0.0,0.0,0.0,0.0,0.0,0.0,0.0,0.0004542667870869599,0.0,0.0,0.0,113.27115384615391,0.012521489342837873,7.176449118251805e-05,0.0009693856258685462,0.026506718072585672,0.0,0.003895644953922541,0.0,0.04863984639708417,0.0,0.0,31.61176378899915,2.0973809073514724,0.0,0.0,0.0,0.03571972934539115,0.0032393660015460294,0.039027559099547096,0.0,0.031096773864771027,0.0,1.1801327561572412,0.005372477831489904,0.0,0.20443955945498712,0.015479581577330155,0.0,0.007855395677492757,0.06413375874124677,0.0,0.0,0.0,0.004745829788260272,0.0,0.0,0.0,0.0,0.08352347875657716,0.0,0.028503062754324675,2.65125361118471,0.2745377421839498,0.005953071902804869,0.0,0.0008735074746829274,0.0,2.640862162234871,0.035527581140915414,0.0,0.0073500183262905985,0.024062311161279378,0.004277982672405403,0.003666879930936522,7.623955599280558,0.00037419957906009385,0.0,15.78792506255096,0.009025622911367548
Vitamin K mg,0.0,0.0,0.0,0.0,0.0,6.939110103578553e-06,0.0016266422033484143,0.0,0.0,0.0,0.0011653613842940152,0.0006683065578276372,0.001294845982549297,0.0,0.0,0.002335819889968246,0.0,0.0,0.0,0.0,0.0,0.00021112957418566956,0.0,0.0,0.0007271878632440826,0.0,0.0,0.0017133825814829983,0.03326723963611199,0.002569579697816677,0.0,0.0,0.0,0.0,0.0,0.0,0.0,0.0,0.0,0.0012127339294518858,0.5248879745186876,0.0,0.0,0.0011015672233666888,0.0,0.0,0.0,0.00022879254629905912,0.0,0.0004473505657101361,0.0016039697920760157,0.0,0.0,0.0017152675857117674,0.0,0.0,0.0008228283828763841,0.04275421749462868,0.0,0.0,0.004745829788263949,0.0,0.0,0.00460789467232085,0.0,0.0,0.0017117858029909467,0.0,0.0,4.069952132715809,0.0013763215752114252,0.00039139974190355856,0.0,0.0011686012654463472,0.00018988678800345863,0.02686539986246514,0.027772701250055463,0.0,0.059175209064495714,0.0012227903123766977,0.04998797588902804,0.0,0.0,0.0,0.0,0.011155154154158381,0.003305881791279353
AST ppm,0.0,0.0,0.0,0.0,0.0,0.0,0.0,0.0,0.0,0.0,0.0,0.0,0.0,0.0,0.0,0.0,0.0,0.0,0.0,0.0,0.0,0.0,0.0,0.0,0.0,0.0,0.0,0.0,0.0,0.0,0.0,0.0,0.0,0.0,0.0,0.0,0.0,0.0,0.0,0.0,0.0,0.0,0.0,0.0,0.0,0.0,0.0,0.0,0.0,0.0,0.0,0.0,0.0,0.0,0.0,0.0,0.0,0.0,0.0,0.0,0.0,0.0,0.0,0.0,0.0,0.0,0.0,0.0,0.0,0.0,0.0,0.0,0.0,0.0,0.0,0.0,0.0,0.0,0.0,0.0,0.0,0.0,0.0,0.0,0.0,0.0,0.0
Thiamin mg,0.0,0.0,0.0,0.002335417906796929,0.0012079834695691222,0.0036633814652953364,0.004845827723328743,0.0,0.009923872841446791,0.0,0.0,0.0,0.007600336742742403,0.00437382177310734,0.0,0.0040663276272684,0.0,0.0005368832576228069,0.005105826447084701,0.0,0.0,0.010178709311915848,0.0031953224099014344,0.0016625951002668497,0.006031550971534915,0.0,0.0,0.0,0.0,0.018179121826340572,0.0,0.0017309138272109002,1.1835612440213341,0.0003788554459883414,0.0,0.020060558059236844,0.014893720489525647,0.0,0.0,0.006125734140746674,0.005394404906823397,0.0,0.0,0.0032543706255409744,0.018309988180150158,0.0,0.009997164693392818,0.0,0.0,0.7124924445519535,0.007827159050976439,0.0,0.0,0.035796783995108834,0.0,0.0,0.0,0.03995781088875978,0.0,0.0,0.0,0.00460789467232085,0.0,0.0,0.001347742809777148,0.0,0.0,0.0,0.0031374379678414076,84.93095726092892,0.002461366039759414,0.0005039838676112699,0.0,11.511163408861554,0.023405222817725935,0.006195262707380871,0.12009923380178242,0.009724983595052973,1.7755782149224488,0.004370503257734671,0.2283129047808128,0.005021493654757498,0.0,0.0010859845109849073,6.593985254414606e-05,0.0,0.0004450254732591531
Riboflavin mg,0.0,0.0,0.0002481147318572065,0.0,0.0023728482271011837,0.0,0.032643045979651994,0.0,0.0,0.0,0.0,0.0,0.0,0.0,0.0,0.0,0.0,0.0,0.0,0.0,0.0,0.0,0.0,0.0,0.0,0.0,0.0,0.0,0.0,0.003810956061982152,0.0,0.0,0.01047050751332476,0.0,0.0,0.0,0.0,0.0,0.0,0.0,0.0036834306236656743,0.0,0.0,0.0,0.09264240581632546,0.003704170473929896,0.0030006823347929934,0.0,0.0,0.018103708611168348,3.96845717469393e-05,5.119185565051994e-05,0.0,0.0039365434299672986,0.0,0.0,0.00357458193687063,0.023511923992045214,0.0014243158949727084,0.0,0.0,0.0,0.0,0.0013477428097771393,0.0,0.0,0.0019037188699996457,0.0,0.0,0.0,0.0,0.0,0.0,0.02743140451780275,17.49940091806975,0.0,0.00033017259597118234,0.0,0.03855487023992379,0.0,0.03216870786171848,0.0,1.5640055451179955,0.0,0.0,0.0009598132648768836,0.00018603597046346065
Niacin mg,0.0,0.0,0.0,0.0,0.0,0.0,0.0,0.0024212086417288252,0.0,0.0,0.0,0.0,0.0,0.0,0.0,0.0,0.0,0.0,0.0,0.0019932799142470593,0.0,0.0,0.0,0.0,0.0,0.0,0.0,0.0,0.0,0.0,0.0,0.0,0.0,0.0,0.0,0.0,0.0,0.0,0.0,0.000399601783535551,0.0,0.0,0.0,0.0023406285384766036,0.0,0.0,0.000436692094551813,0.0,0.0,0.0,0.0,0.0,0.0,0.0,0.0,0.0,0.0,0.0,0.0,0.0,0.0,0.0,0.0,0.0,0.0,0.0,0.0,0.0,0.0055576820579345465,0.0,0.0,0.0,0.0,42.26834929360174,0.0,0.0,0.0,0.0,0.013819884241487135,0.0,0.0,0.0,0.0,0.0025381294635555608,0.0,0.0,0.0
Pantothenic acid mg,0.0,0.0,0.0,0.0,0.0,0.0,0.0,0.0,0.0,0.0,0.008626315554754752,0.0,0.9536504344615351,0.0,0.0036032976895333524,0.00012446714187524307,0.0,0.012120128666949958,0.0,0.0,0.0,0.009907497282740275,0.0,0.0,0.0,0.0,0.0,0.04589957759528115,0.0,0.0,0.0,0.001191294962240982,0.0,0.0018218599081594605,0.0,0.0,0.0,0.0,0.0,0.038087273047127286,0.0,0.0,0.0,0.0,0.007304694435121589,0.0022430924954035545,0.0,0.007014973104801534,0.0,0.0,0.0,0.0018893235133553704,0.0,0.02366933946102135,9.53793231188234e-05,0.0,0.0,0.006100406466935443,0.0,0.0,0.0835234787565777,0.0017117858029909398,0.0,0.0,0.0019037188699996335,0.0,0.0,0.0,0.0,0.001718783480459403,0.0,0.0,0.0,0.06169953098578942,0.1993911089640193,0.0,0.006197691817514878,0.0,0.0005509837669384799,0.0,5.441637719187495,0.001327524265681329,0.0,0.0,0.0005332962589963924,0.0,0.0
Pyridoxine mg,0.0,0.0,0.0016935043169129598,0.0,0.0,0.0,0.0,0.03516677957250183,0.0,0.0,0.0,0.0,0.0,0.0,0.0,0.0,0.0,0.0,0.0,0.0,0.0,0.0,0.0,0.0,0.0,0.0,0.0,0.0,0.0,0.0,0.0,0.0,0.0,0.0,0.0,0.0,0.0,0.0,0.0,0.0,0.0,0.0,0.0,0.0,0.0,0.0,0.0,0.0,0.0,26.14238770699501,0.0,0.0,0.0,0.09249185149917617,0.0,0.0,0.0,0.0,0.0061631204927338114,0.0,0.0,0.0,0.0,0.0,0.0,0.0,0.0,0.0,0.0005468957809269689,0.0,0.0,0.0,0.0,0.0,0.0015068353072641974,0.0,0.0015454459969466727,0.0,0.0,0.0,2.744020737375095,0.0,0.0,0.0,0.0,0.020283391328219998,0.0
Biotin mg,0.0,0.0,0.0014220551480360407,0.0,0.0,0.0,4.525904092279553e-05,0.0,0.0031208836172803415,0.0,0.0,0.0,0.0023641324031643905,0.44621976627570803,0.00493564365707788,0.0,0.0,0.0,0.0009174295212854062,0.0,0.0,0.0,0.00015355497929419736,0.0,0.0,0.0,0.0,0.0,0.0,0.0015574813292858255,0.013552136159738493,0.005940066937133918,0.0,0.0,0.0,0.0,0.0,0.0,0.0,0.0010625221365256933,0.05064427471762833,0.0,0.0,0.0015567306467038646,0.0755838836347869,0.00016334187545310823,0.0016175679634456174,0.0,0.00020925393448764,0.0033885163779111445,0.0,0.0015142396219689652,0.0,0.2862458507569273,0.0,0.018392846767019397,0.0035413400006455214,0.0,0.0014919058397395522,0.0,0.028503062754324848,0.0,0.0,0.003137437967841457,0.0,0.0055576820579345595,0.0,0.0005468957809269647,0.0,4.020221101347549,0.0005520499127310113,0.0062943954289947975,0.0,3.3224062658434814,0.016920195685388523,0.026594993855160995,0.04918172551686186,0.0,0.015661995996555836,0.0,10.732261418070223,0.0,0.0,0.001046887398851346,0.00487293807126568,0.0,0.0037354982992946918
Folic acid mg,0.0,0.0,0.0,0.0,0.0022021971415118547,0.0003237504177219089,0.008502286029345808,0.0,0.032354075649242225,0.0013382099730719797,0.004000889420486598,0.012545364259466129,0.027777047591864786,0.0,0.0,0.0,0.02521834031036975,0.0,0.0,0.0,0.0,0.0016967635138977863,0.0,0.0,0.0031204973717415636,0.0,0.005440406373916078,0.0015683971385873846,0.017319652148244644,0.009447570244906485,0.0,0.0,2.351203491618175,0.016953423364428743,0.0,0.0020796569642360842,0.0,0.0,0.0,0.01193072092068167,2.5287227653604027,0.0,0.0,5.398115368644074,0.04243459354223356,0.011135216411723294,0.0028693255275501735,4.1930233083887464e-05,0.0,0.0010139608396642842,0.0076598709679255705,0.005731513472331468,0.0,0.03158879943730333,0.0,0.07400415993318374,1.964262635275865,0.13180671224399715,0.018411442389297226,0.0,2.651253611184708,4.069952132715809,0.0,84.93095726092892,0.0,0.0,0.001718783480459125,0.0,4.020221101347549,0.0,0.05297809157440235,0.0,0.0,0.1229465244957149,0.019736509038779035,0.030354669740934752,0.5819612325314523,0.03149628179998398,0.4190292943520789,0.0,21.836481622928634,0.003990485671699714,0.00042223038730401286,0.0,0.06768569563206525,0.05622868261977698,0.00723623652646008
Vitamin B12 mg ,0.0,0.0,0.0,0.0,0.0,0.0,0.0,0.0062586209431766855,0.0,0.0,0.01917955050442033,0.0,0.0,0.0,0.0,0.0,0.048137410592957494,0.0,0.0,0.002661925883604168,0.0,0.0,0.0,0.000584092157099341,0.0,0.0,0.0,0.0,0.0,0.0024987888167445583,0.0,0.0,0.0,0.0,0.001951438445940824,0.0,0.0,0.0,0.0,0.0,0.04599132820760905,0.0,0.0,0.0,0.002339215713588429,0.8245615583879016,0.03747184812038088,0.0,0.0,0.0005602497388753624,0.0,0.0,0.0,0.022780788423375636,0.0,0.005903914795347843,0.0009367675497504088,0.2974350183048635,0.002963396845068588,0.0,0.27453774218394655,0.0013763215752113749,0.0,0.0024613660397594154,0.0,0.0,0.0,0.0,0.0005520499127310097,0.05297809157440905,0.0,0.0,0.0,0.009697834168657098,0.009010176041142896,0.03796092763000108,0.009593038579788618,0.029462635493239027,57.334796160432134,0.0,0.378878509712685,0.0,0.0,3.6890826923076903,0.0,0.0,0.0
Choline mg,0.0,0.0,0.0002762354902597899,0.0,0.0,0.0,0.0,0.0,0.0,0.0,0.0,0.0,0.0,0.01484485715875477,0.0018330533397087432,0.0,0.0,0.0,0.0,0.0,0.0,0.0,0.0,0.0,0.0013869406556106447,0.0,0.0,0.0,0.004756684651952567,0.0,0.0,0.0,0.0,0.0,0.0,0.0,0.0,0.0,0.0,0.0007150342952248622,0.010584286640195539,0.0,0.0,0.0,0.0,0.0,0.0,0.0,0.0,5.781752102590405,0.0011976175714328826,0.0,0.0,0.0957240938660989,0.00019004148288255225,0.0,0.0,0.0404503943256172,0.0,0.0,0.005953071902804873,0.00039139974190356317,0.0,0.0005039838676111779,0.0,0.0,0.0,0.0,0.006294395428994816,0.0,0.0,0.0,0.0,0.09194548510111526,0.008248905827614728,0.020688428109455925,0.02599787798221595,0.0,0.0017931434023308324,2.263636078956642,0.012861974897605766,0.0,0.0,0.0,0.0,0.0009486032775904234,0.0
"Calcium,g",0.0,0.0,0.0,0.0,0.0,0.0,0.0004557778835529584,0.006550282456271508,0.0,0.0,0.0,0.003236648235619914,0.0,0.0,0.0,0.0,0.0,0.0,0.0,0.0,0.03563541359206608,0.0,0.0,0.0,0.0,0.0,0.0,0.0,0.0,0.0006380778569361033,0.0,0.0007278794469078929,0.0,0.0,0.0,0.0,0.0,0.0,0.0,0.0,0.0,0.0,0.0,0.0,0.0,0.0,0.0,0.0,0.0,0.09814879582500087,0.0014606717675636066,0.0,0.0,0.0,0.0,0.000294826728268624,0.0,0.008734037708979488,0.0,0.0,0.0,0.0,0.0,0.0,0.0,0.0,0.0,0.0,0.0,0.0,0.0,0.0,0.0,0.0011803242512783171,0.0,0.0,0.000440875710121509,0.0,0.0,0.0,0.0,0.0,0.0,0.0,0.0,0.006678683835883744,0.0
"Total Phosphorus,g",0.0,0.0,0.0006984359597153092,0.01461320103170718,0.010509985756155837,0.040957475097568696,0.012411973518663915,0.011261318823145778,9.042801247173541,0.005550235851220151,0.008109112313849726,5.18578447179158,0.006700298487335858,2.2661893247607443,0.009039334662140292,0.0,0.0,0.0019440735968124217,17.607088401021198,0.0141323719228464,0.003060766032638315,0.015372425134314456,7.336084979460103,27.34058430547445,0.0014142656732439572,0.0890479146309402,0.00814828781176626,0.0216774976347101,10.060555735992468,0.10662858025501404,0.0,0.02530985887322833,0.0004277379963740966,0.005738417996902584,0.008145145207676318,81.2348444882284,0.014101754481685316,0.0,0.0,0.07103489716741253,0.023216469442599738,0.0,0.0,0.025691668258809412,0.017950678707824273,0.005890267085788793,37.01133610036872,0.0,0.00830168312402802,0.021399270863948824,0.025909904361875402,0.0036936803976289653,0.0,0.18156547126195288,0.0004408171910235705,0.00732754198893731,6.350478639954295,0.14790137482817367,0.0,0.0,0.0008735074746842768,0.0011686012654463472,0.0,11.511163408861565,0.027431404517802717,42.26834929360173,0.06169953098578935,0.0,3.3224062658434854,0.12294652449571686,0.00969783416865821,0.09194548510111325,0.0011803242512783375,0.0,0.7118926281463167,0.06970848561368086,0.04545013980037596,0.04576625611610594,0.33762205744400486,38.77659256500001,0.17980349555873604,0.1989713629478793,0.3556643537871915,2.8028497838551107,0.006271247907462204,0.017297147588324308,0.013119766518279384
"Inorganic available P,g",0.0,0.0,0.004053074022948655,0.0,0.003960460988946444,0.0,0.10016908815404446,0.0,0.0,0.0,0.011601143825839867,0.0009355528209266917,0.0,0.0,0.0,0.0,0.0,0.0,0.0,0.014108616061989397,0.029607472769074782,0.0023487769508903863,0.00043123762919944364,0.0,0.01838788901497517,0.0,0.0,0.0,0.0,0.0053599034405896395,0.0,0.003303545629296505,0.001235355014210204,0.0002618969446783464,0.0,0.002106587859442717,0.0017749400920903143,0.0,0.0,0.00021448836548349057,0.0,0.0,0.0,0.0,0.014425404729945888,0.010371274982912891,0.003315229284236541,0.0,0.0,0.09580323737589429,0.01172310051276073,6.214328394846745e-06,0.0,0.02264400230526486,0.00040624173025695896,0.0,0.0007853477801012306,0.07570602602899715,0.0,0.0,0.0,0.00018988678800345993,0.0,0.023405222817725932,17.49940091806975,0.0,0.19939110896401965,0.0015068353072641965,0.01692019568538834,0.019736509038779007,0.009010176041142934,0.008248905827614806,0.0,0.7118926281463169,0.0,0.4180327389379066,0.021556916627479945,0.0,0.002514747799471774,0.0,0.010785085325059927,0.0004690329070195542,6.026932168987476,0.018820671874108106,0.0025408001922744778,0.0,0.0
Ca:P ratio,0.0,0.0,0.0,0.003824431648009746,0.0,0.011065129474744388,0.00135803426555104,0.0085326031515135,0.0,15.095255026645047,0.0,0.0,0.0,0.0,0.0,0.0,0.005832650098989461,0.0,0.0,0.0646237070106408,0.0,0.0,0.0,0.0,0.013476629819475018,0.0,0.0,0.0116073073366144,19.410157935209448,0.0687148601058521,0.10237228014106287,0.0,0.07990696500376318,0.002801813854313646,0.006429730106961011,0.0018438516806466685,0.0,0.0,0.0,0.004452744821484904,0.0161621319123953,0.0,0.0,0.008166992461232593,0.0,0.003187839513813203,0.0016041880218437567,0.0,0.0,0.15539829543545722,0.0100570444285569,0.01907411636955235,0.0,0.3189188735462124,0.0,0.0005336390980502374,0.0,0.17945753024758843,0.0,0.0,2.6408621622348694,0.02686539986246521,0.0,0.006195262707381386,0.0,0.0,0.0,0.0,0.026594993855161387,0.0303546697409342,0.03796092763000117,0.02068842810945586,0.0,0.06970848561368474,0.4180327389379065,0.0,0.15474276592210137,0.0,0.08891304692495453,0.0,0.048688162450950985,0.004458965468428205,0.0,0.017917659204005544,0.030438688040913927,0.005968019210707382,0.001465761802647568
"Na,g",0.004069415014149638,0.0,0.0034004782974817,0.0013894744874638789,0.0003125064555378257,6.857370964731977e-05,0.017694646140547398,0.0017455717141749406,0.015739525965588818,0.001021978549566819,1.0092094585010325,0.0,0.019833799793651234,0.002483389482264365,0.01225057755139671,0.0025494237083033607,0.0037226599104994685,0.0,0.0007784791485323482,0.0,0.0,0.0019825808180665185,0.0004460422682480723,0.0008997372010234472,0.06140460980925478,2.2361538461538433,0.0,0.00498369886092929,0.05943252437014168,0.00956836732256226,0.00021317195034940213,0.0006928561003775239,0.0015338300365896735,0.001624663007951341,0.0,0.0,0.005366743340385194,0.0,0.0,0.005624498141095434,0.0010233235762789248,0.0,0.0,0.004522763348111325,0.010073174768573218,0.005782089059035047,0.011383541206795016,0.0007732219823418417,0.004572602380680382,0.03721476334630073,0.04215557528514819,0.0019217951576462446,0.0,0.052938627665473435,0.0,0.0,0.0069702425903657265,0.0472438289185144,4.240737324708659,0.0,0.0355275811409155,0.02777270125005545,0.0,0.12009923380178243,0.0003301725959711848,0.0,0.006197691817514882,0.0015454459969466714,0.04918172551686185,0.5819612325314554,0.009593038579789506,0.02599787798221597,0.00044087571012151164,0.045450139800375995,0.02155691662747994,0.15474276592210198,0.0,0.0,0.058959046803166104,0.003780775020414022,0.1039715668513698,0.010508437924857113,0.0,0.00010798106252868839,4.924221657211843e-05,0.0,0.000331903003170904
"Cl,g",0.0,0.0,0.0,0.0,0.0009538405796810593,0.06272731694060975,0.0,0.0,0.0,0.0,0.0,0.0,0.0,0.0,0.0,0.0,0.0,0.0,0.0,0.0,0.0,0.0,0.0,0.004132645662902365,0.0,0.0,0.0,0.00023207150863450022,0.0,0.06147849811843222,0.0,0.03918121318050866,0.0,0.0,0.0,0.0,0.0,0.0,0.0,0.0,0.0,0.0,0.0,0.0,0.006203650754957555,0.0,0.0,0.0,0.0,0.0,0.0,0.0,0.0,0.048637416356490715,0.0,0.0,0.0069743461973241425,0.08848370474017375,0.0,0.0,0.0,0.0,0.0,0.009724983595052653,0.0,0.0,0.0,0.0,0.0,0.03149628179998402,0.029462635493239218,0.0,0.0,0.04576625611610613,0.0,0.0,0.0,0.0,0.18576927634073204,0.0,0.0,0.0077034685842136425,0.0,0.0,0.0,0.0,0.0
"K,g",0.0,0.0,0.008276885800065364,0.0014477879125441094,0.03197495543824046,0.0,0.0076515285826142115,0.01635582174912961,0.0,2.9116842971598975e-06,0.011907256908860912,0.0,0.0,0.007996526829910486,0.0,0.014311544451957103,0.0,0.0,0.0,0.016351568609086653,0.012126167101998885,0.0,0.026187394657128844,0.001271066672785971,0.023341236199670976,0.0,0.04589245432053035,0.004494951645543549,0.0,0.021492573147669992,0.0017985483296707166,0.012844509145457799,0.0,0.020019276141614927,0.0,0.0,0.0027667386216151937,0.0,0.0,0.08464249090150336,0.014115443183448529,0.0,0.0,0.004102112805155984,0.007855920722463987,3.2557846153846217,0.02493979345262977,0.0,0.0,0.06725121916401207,0.07067863032749905,0.0,0.0,0.08334917666018116,0.0030478563707401958,0.004157033141253451,0.04041067080907196,0.2513257450171764,0.09824753988282375,0.0,0.007350018326290623,0.059175209064495554,0.0,1.7755782149224548,0.03855487023992377,0.013819884241487107,0.0005509837669384994,0.0,0.01566199599655576,0.4190292943520789,57.33479616043215,0.0017931434023309243,0.0,0.3376220574439932,0.002514747799462834,0.0889130469249544,0.05895904680316631,0.1857692763407321,0.0,0.0,0.047352462625039206,0.0,0.012453030809437257,16.8239543420976,0.04006972916396584,0.04903001239491012,0.005306871238501951
"Mg,g",0.0,0.0,0.0,0.0,0.0,0.0,0.0,0.0,0.0,0.0,0.0,0.0,0.0,0.0,0.0,0.0,0.0,0.0,0.0,0.0,0.0,0.0,0.0,0.0,0.0,0.0,0.0,0.0,0.0,0.0,0.0,0.005781503942735604,0.0,0.0,0.0,1.15009283076923,0.0,0.0,0.0,0.0,0.0,0.0,0.0,0.0,0.0,0.0,0.040116509986133364,0.0,0.0,24.624502847049627,0.0,0.0,0.0,0.0,0.0,0.0,0.0,0.0,0.0,0.0,0.024062311161279208,0.0012227903123766938,0.0,0.004370503257734665,0.0,0.0,0.0,0.0,0.0,0.0,0.0,2.2636360789566425,0.0,38.77659256500002,0.0,0.0,0.0037807750204140273,0.0,0.0,0.0,0.0,0.0,0.0,0.0,0.0,0.0,0.0
"S,mg",0.0,0.0,0.0,0.0,0.0003111886574282607,0.0,0.003762208708625668,2.705708177475379,0.0007166698533439412,0.0,0.021958233795880088,0.034039000142337114,10.208572809230775,0.0,0.0,0.0038523077193855235,0.017239283858535508,0.03741202406305788,0.0031269308572869697,0.0009129870851388219,0.0,0.0,0.0,0.0,0.004579768253912561,0.0,0.0,14.677219860576914,0.0,0.021107567020767375,0.00817947855095673,0.0,0.008752448258502011,0.0,0.0,0.0,0.0,0.0,0.0,0.0,0.009854271367468734,0.0,0.0,0.0008097622602073596,0.1610879292763989,0.025129583508855968,0.004606093201956578,0.0,0.0,5.568215646636912,39.498069694912765,0.0,0.0,0.20357489210608795,0.0,0.027758627672132774,0.009572508123940325,0.12417885053943777,0.028645704430151075,0.0,0.004277982672407802,0.04998797588902801,0.0,0.2283129047808136,0.032168707861719985,0.0,5.441637719187494,2.744020737375096,10.732261418070232,21.83648162292862,0.3788785097126748,0.012861974897610522,0.0,0.1798034955587361,0.010785085325059954,0.04868816245095632,0.10397156685136988,0.0,0.04735246262503933,0.0,0.0,0.027382233749016705,0.009653953959778371,0.0021958550559381214,0.0,0.0,28.542504912472197
Cu mg,0.0,0.0,0.0,0.0,0.0,0.005608029494581099,0.0,0.0,0.0,0.0,0.024867336922632335,0.0,0.0,0.0,0.0,0.0,0.0,0.0,0.0,0.0,0.0,0.0,0.0,0.0,0.0,0.0,0.0,0.0,0.0,0.047263990414232245,0.0,0.001772796441376688,0.0,0.016798587110572763,0.0,0.0,0.0,0.0,0.0,0.0,0.009339313557846073,0.0,0.0,0.0,0.04684623125267852,0.012030922656248241,0.0,0.0,0.0,0.016113542890759835,7.7077658027125935,0.0,0.0,0.12530889158962338,0.0,0.0,0.0,0.0,0.0,0.0,0.0036668799309369227,0.0,0.0,0.005021493654757573,0.0,0.0,0.0013275242656813416,0.0,0.0,0.00399048567169942,0.0,0.0,0.0,0.19897136294787796,0.0004690329070195058,0.004458965468428234,0.01050843792485761,0.0077034685842131785,0.0,0.0,0.027382233749016733,0.0,0.0,0.0,0.001044741534760084,0.0,0.0
I mg,0.0,0.0,0.0,0.003451298915551449,0.0,0.0,0.05494550728941889,0.0,0.0,0.0,0.0,0.0,3.1682911283653885,0.0,0.0,0.0,0.0,0.0,0.0,0.0,0.0,0.0,0.0,0.0,0.0,0.0,0.0,0.8997704930769201,0.0,0.002628075530704731,0.0,0.00025753139428130213,0.0,0.0,0.0,0.0,0.021078658154470062,0.0,0.0,0.002667807166190429,0.9531871507228382,0.0,0.0,0.0,0.009297913760147759,0.0,0.0,0.0,0.0,9.211017812292114,0.0008763896674372436,7.808606156144558e-05,0.0,0.024714051463695486,0.0,0.0015657526035462842,0.001971771589167095,0.005350060505681382,0.002718259776607287,0.0,7.623955599280557,0.0,0.0,0.0,1.5640055451179966,0.0,0.0,0.0,0.0,0.0004222303873040026,0.0,0.0,0.0,0.35566435378716776,6.026932168987476,0.0,0.0,0.0,0.012453030809437323,0.0,0.009653953959778383,0.0,0.0,0.0,0.0,0.0,0.0
"Fe,mg",0.0,0.0,0.0,0.0,0.0,0.0,0.0,0.0,0.0,0.00011294185581167598,0.0,0.0,0.0,0.0,0.0,0.0,0.0,0.0,1.5821538461538442,0.015392697939378756,0.0,0.0,0.0,0.0,0.0,0.0,0.0,0.0,0.0,0.0,0.0,0.0,0.0,0.0,0.0,1.3569230769230742,0.0,0.0,0.0,0.0,0.0030699761699928365,0.0,0.0,0.0,0.0,1.593415384615387,0.002359571978841365,0.0,0.0,0.008517608490385256,0.0,0.0,0.0,0.0,0.0,0.0,0.0,0.02712378095064386,0.0,0.0,0.00037419957906009195,0.0,0.0,0.0010859845109849183,0.0,0.0025381294635555577,0.0,0.0,0.0010468873988513303,0.0,3.6890826923076947,0.0,0.0,2.8028497838550965,0.018820671874108102,0.017917659204005634,0.00010798106252869023,0.0,16.823954342097593,0.0,0.002195855055937876,0.0,0.0,0.0,0.0,0.0,0.0
"Mn,mg",0.0,0.0,0.0,0.0,0.0,0.0,0.0,0.0,0.0,0.0,0.0,0.0,0.0,0.0,0.0,0.0,0.0,0.0,0.0,0.0014802925492952818,0.0,0.0,0.0,0.0,0.0,0.0,0.011148316858557609,0.0,0.0003093078778268032,0.004665588113633677,0.0,0.0,0.0,0.0,0.0,0.0,0.0,0.0,0.0,0.0,0.0,0.0,0.0,0.0031088304572138314,0.0,0.0,0.027457675659269487,0.0,0.0,0.00016774142432879335,0.00090141799561276,0.0,0.0,0.002756073535190138,0.0,0.0,0.0,0.07758677852696888,0.0003480122751390095,0.0,0.0,0.0,0.0,6.593985254429134e-05,0.0,0.0,0.0005332962589964026,0.0,0.0048729380712656725,0.06768569563206456,0.0,0.0,0.0,0.006271247907461757,0.0025408001922745662,0.030438688040913923,4.9242216572118814e-05,0.0,0.04006972916396556,0.0,0.0,0.0010447415347600922,0.0,0.0,0.0,0.0,0.0
"Se,mg",0.0,0.0,0.0,0.0,0.0,0.0,0.0013581803668512248,0.0,0.0,0.0,0.0,1.811965811965809,0.0,0.0,0.0,0.0,0.0,0.0,0.0,0.0,0.0,0.0,0.0,0.0,0.0,0.0,0.0,0.0,7.704629629629627,0.0027653658563175426,0.0,0.0,0.0,0.0,0.0,0.0,0.0017540806995032133,0.0,0.0,0.0005083119058699231,0.031218146367885953,0.0,0.0,0.0,0.0,0.0,0.005288714963528974,0.0,0.002185708415017212,0.05225674089033906,0.009171460051053947,0.0,0.0,0.09528662214841566,0.0,0.025068101067543758,0.0,0.03934454532346044,0.005503739105351447,0.0,15.787925062550938,0.011155154154158471,0.0,0.0,0.0009598132648768886,0.0,0.0,0.020283391328218908,0.0,0.05622868261977724,0.0,0.0009486032775904236,0.006678683835883566,0.01729714758832429,0.0,0.005968019210707387,0.0,0.0,0.04903001239491027,0.0,0.0,0.0,0.0,0.0,0.0,0.0,0.0002737273183060631
"Zn,mg",0.0,0.0,0.0,0.0,0.00012505635584626317,0.0,0.0,0.002356151893832754,0.0,0.000281585799894503,0.0,0.0,0.0,0.0064739131266210856,0.0,0.0,0.0,0.0,0.01122306936917852,0.0,0.0,0.0,0.0,0.0,0.0,0.0,0.0,0.0,0.018171202229692804,0.0001383436491831497,0.0,0.0,0.0,0.0,0.0,0.0,0.0,0.0,0.0,0.0,0.0,0.0,0.0,0.0011835188776430467,0.0,0.001501707910552763,4.0788662661292636e-05,0.0,0.004093083333108855,0.0,0.0006639816377847612,0.0008955476057482543,0.0,0.0,0.0,0.001767352659796552,0.08717881682439314,0.013619741845769112,0.0012987257676513497,0.0,0.009025622911367541,0.003305881791279382,0.0,0.0004450254732591528,0.00018603597046407822,0.0,0.0,0.0,0.0037354982992946983,0.007236236526459901,0.0,0.0,0.0,0.013119766518279391,0.0,0.001465761802648454,0.00033190300317089934,0.0,0.005306871238501948,0.0,28.542504912472193,0.0,0.0,0.0,0.0,0.00027372731830606106,0.0
